Order_ID,Product,Category,Quantity,Price,Total_Sale,Customer_ID,Order_Date,City,Customer_Age
8a2c194d-d0b3-48c5-89e5-0ce5bbb24e06,Headphones,Electronics,1,451.55,451.55,afea10a2-ee3d-4bf9-8f3c-ff1143957639,03-07-2024,Chicago,35
ba00d5b7-e6ab-4b5e-b02b-37f401d21c8b,Mouse,Electronics,2,41.4,82.8,7614cb67-e2fb-4038-b778-d8ed6af4c219,17-02-2024,Houston,33
3520aedc-4d57-42a2-b2e2-a515c601332b,Laptop,Electronics,2,92.99,185.98,8c106fae-3b83-449d-b7fd-d6c7040b26ab,10-08-2024,Phoenix,33
9a3303cb-4eb8-4a6c-a950-c512aac0b073,Mouse,Accessories,2,286.04,572.08,4f52b516-22fe-44c3-b5e1-c1b8912c92e0,20-02-2024,Phoenix,46
baed682a-9ce3-4f86-9654-4c9f602fc9a9,Tablet,Accessories,2,64.72,129.44,4f3871c4-0f17-4747-9503-ac4bf39bfe75,04-03-2024,New York,23
08d7fc6e-4143-4a7b-8c94-7693940e546e,Mouse,Peripherals,2,387.25,774.5,dfc73546-72fe-4e8a-b0ee-08e4fd85c1a4,05-10-2024,New York,18
e1af010f-afd0-449b-a606-9feb755759ef,Tablet,Peripherals,1,376.89,376.89,fc47d97c-bc46-4156-9427-0f28fb23cc6f,23-09-2024,Phoenix,53
3a6325ca-24ee-41ef-a233-b590d443afd1,Smartphone,Peripherals,5,121.5,607.5,fa373ec7-7586-4e03-84fd-0aedbce159fd,14-06-2024,Houston,25
6adbfd65-1b67-4b0f-8e8e-0c08c1e97d75,Mouse,Accessories,4,483.78,1935.12,bd6da9cc-f7b9-40e4-91e7-54fafa887239,11-03-2024,Phoenix,19
23d993ce-514d-413f-ac9d-b684adfcb9b1,Tablet,Peripherals,1,82.82,82.82,063f46e2-f384-411d-9369-dfa4cafafcd0,24-01-2024,New York,38
22a32fb6-2881-4fca-a640-a800b3f06795,Monitor,Accessories,4,450.76,1803.04,5e4c1852-e898-4364-8805-7c4ab0306acf,30-03-2024,Los Angeles,40
ca4abfc3-59c0-4354-9070-5a8578e07d86,Monitor,Electronics,2,88.08,176.16,c51b3cac-a344-4df1-bc26-df9b2393ec48,10-03-2024,Los Angeles,44
148f2c27-1008-4d03-be5b-9931c570efe4,Mouse,Accessories,2,322.43,644.86,cc805544-4b98-424f-8bdd-a7b29c61e0b1,27-03-2024,Houston,28
72699eff-5764-4837-98c7-79b23fe75b98,Laptop,Peripherals,4,410.13,1640.52,3e1f3e94-d861-4854-b51f-6efd5c1d94de,25-02-2024,Chicago,65
fdc2061a-8b98-4563-9dbf-9f08648beb3f,Smartphone,Accessories,4,406.69,1626.76,5e45eee3-6c32-42ce-ab92-de11cf4bd16a,14-11-2024,Los Angeles,33
769ef702-1211-4d36-ab1f-a1bdcf86817b,Mouse,Peripherals,5,499.8,2499,bd42fadb-7e1c-4045-9c32-aad8f6720f21,27-06-2024,Los Angeles,34
af7daca4-a5c7-4859-860b-a1e891e77a9d,Tablet,Electronics,3,237.67,713.01,906626e4-0c48-48f8-b021-50fdf5455831,10-01-2024,Los Angeles,20
a6f82da2-88b6-4b4e-89de-06d2f9efe0cc,Monitor,Accessories,5,178.45,892.25,81d9df32-c1b7-4f66-be25-a276dd3fbb91,07-03-2024,Chicago,38
cdb79068-6fb3-47dc-82e8-2511e72d4aec,Tablet,Accessories,2,28.91,57.82,e0065b37-5e8b-4afb-9f15-4e718829240a,03-05-2024,New York,61
4a98ba9c-e31f-45ca-ac4d-2044f466ce85,Tablet,Accessories,3,252.86,758.58,9890fddd-03de-47c7-b36c-ca3a4a06b9f1,13-05-2024,New York,24
a576300e-db4e-4ff9-8d71-c1bed909d116,Tablet,Accessories,1,250.27,250.27,c76c35ce-fee3-483f-91e1-c4c753c2217f,31-10-2024,Chicago,60
5c447ae0-cf12-4fc5-935a-67d0e3ca2f1b,Keyboard,Peripherals,5,140.57,702.85,2a31ac66-ff3d-424d-854d-cb4ad4803212,23-06-2024,Chicago,61
85988a8d-69e6-4d71-b658-7552784cd188,Tablet,Accessories,4,417.32,1669.28,26957c8a-5a18-437a-acee-f9d042a87baa,19-10-2024,Houston,29
2ca74dc7-71ba-496a-9c1c-2d1653ccb731,Monitor,Accessories,4,192.54,770.16,d0ec2dc2-b728-40c7-9c7c-06aa68f370c7,07-10-2024,New York,43
d20efdfa-2d61-4f8a-a34d-acb5a36ba462,Monitor,Accessories,5,264.91,1324.55,2ca24983-270b-4ea2-8c6b-06d226e8a01e,05-02-2024,Houston,53
1efe6a1f-f6b3-4bd4-8047-475abad6f3e3,Laptop,Peripherals,3,363.27,1089.81,2ada9b73-96be-4a0f-af33-260d7a14ff8f,09-11-2024,Houston,21
5d660e2f-f10c-4271-a5d9-d08317039688,Smartphone,Accessories,2,210.85,421.7,ab297a95-10de-4823-b061-ffde20fb9476,19-10-2024,Phoenix,34
805c1ba8-15ac-494c-b5bb-fb6f9c470f94,Mouse,Electronics,2,51.92,103.84,bcb98994-597d-4b17-9f8b-060f4b781a7f,05-01-2024,Houston,45
fb12fd83-0b0c-42ab-816c-03099266af75,Headphones,Accessories,5,93.09,465.45,2970c17e-e8af-4406-8433-d92686828ead,11-07-2024,Los Angeles,43
be129a4e-e0dd-4144-ad29-baff048e0980,Keyboard,Electronics,5,82.14,410.7,297e763e-81cd-4a01-b8e7-62e5778e7908,25-04-2024,Houston,58
2fc795d9-a3cb-499f-98fa-39b370b49f97,Mouse,Peripherals,5,268.57,1342.85,2c5418ea-f9d8-4d28-a6c5-ae1a8c70752c,10-09-2024,Phoenix,27
ee6fa253-2b0c-45dc-b53c-9ac2fc671e82,Laptop,Electronics,5,361.94,1809.7,055e47bc-cdb2-4187-b918-a981b327bd0f,13-05-2024,Houston,61
d6a8c8b9-8115-43a0-a379-a46c70cda689,Monitor,Electronics,3,343.81,1031.43,84d81d61-06d0-4c12-9874-6e4c65ba620c,26-01-2024,Los Angeles,18
efb18c5e-d1af-4217-9576-b2b19001dc4f,Monitor,Accessories,2,243.5,487,02ef55bc-02be-4ae4-997b-b2be03842f30,19-02-2024,Houston,21
45fe7384-3ad0-434a-9a46-d0b6997683c5,Monitor,Peripherals,3,272.59,817.77,bf3ae72d-4b92-4541-8d9c-e0a64cf950e8,08-08-2024,Houston,58
20870339-47cd-40cf-806f-157d8d3ee8c9,Smartphone,Electronics,3,192.45,577.35,f6a0c338-4521-4d2f-b26d-141d47895eb7,20-05-2024,Los Angeles,38
254a385c-71b1-4925-bfcb-804241a856e8,Laptop,Electronics,2,440.83,881.66,bd4946cd-64ef-4f67-ae09-9e1b63449129,10-09-2024,Los Angeles,62
c1c0a750-cad2-415e-8d2b-75204d68485f,Keyboard,Electronics,2,470.9,941.8,6222e472-05ae-4821-bda4-814a7ca5a220,31-05-2024,Los Angeles,52
a4ee4455-cac4-42fc-8630-1507a3522b8b,Tablet,Electronics,3,403.62,1210.86,a4fc77a2-a867-4945-9161-711cd2b81e1f,12-03-2024,Houston,52
bb30c228-e4fe-4af5-bbcd-efd559e1b937,Mouse,Peripherals,3,100.33,300.99,9fba2d14-61d3-42f4-b208-aaee2381b885,20-09-2024,Phoenix,56
fa879dfa-8ed1-405c-97a0-9dc26700fed3,Smartphone,Accessories,3,141,423,516c31fc-a0c6-48fd-a37b-458f7862163f,14-04-2024,Phoenix,56
ac0d5e1d-7657-4216-bbfa-08dfcedd48ab,Tablet,Accessories,1,73.62,73.62,009d5de1-aec9-410a-82e8-9f23f45bdf01,15-01-2024,Phoenix,47
7cd2bdfa-d295-4bfc-b2fd-1ce20b60ec71,Monitor,Accessories,1,472.06,472.06,04033593-5b93-4eff-b32a-f735cd1edad3,20-09-2024,Los Angeles,45
b3220cf8-f38b-4c59-a723-5edc4604472f,Tablet,Peripherals,3,396.71,1190.13,8f8f8e1c-f46c-4d23-a1f1-e035d07bd24b,13-03-2024,Houston,41
e0b703db-1d88-4e46-8beb-5e1ad1d8c844,Smartphone,Accessories,5,404.57,2022.85,de857f61-777c-42ce-9456-b63ae90dd944,01-07-2024,Chicago,38
e2f04950-22c0-4fbc-af0d-e578521af298,Headphones,Accessories,2,328.06,656.12,8d7382f9-9b92-44af-8628-f770f12fd08b,14-06-2024,Phoenix,56
66523685-183a-4ef5-a927-ee9b1c4c46ee,Keyboard,Accessories,2,328.09,656.18,c958f5cb-7814-4bfb-83d5-c85096d7f18f,09-05-2024,Chicago,39
ab7e5914-2d97-457f-8002-0bedf4ccf4c0,Mouse,Accessories,3,75.1,225.3,c065981c-1aac-4af9-b097-a8e61e605437,22-05-2024,Phoenix,20
142d025d-c5ae-4dd1-a9fa-930436f0c62e,Headphones,Peripherals,1,312.13,312.13,5e6766bd-cb51-40d4-8704-2db07104d1ba,10-08-2024,Phoenix,58
fd898c7c-edb8-4001-a915-d2eb55f5b56f,Laptop,Accessories,5,57.18,285.9,1f757631-077d-4f46-8a50-bd0b9569d51d,11-05-2024,Phoenix,27
26f7536b-7536-4b82-853a-19fdd99c4ef7,Headphones,Accessories,2,455.46,910.92,3731671d-719b-4f89-a1dc-577aec97dd3b,16-04-2024,Houston,51
f35511a6-ec66-40a3-a9cd-074876c9869b,Smartphone,Electronics,1,278.49,278.49,ddfb0180-da4c-4887-bb07-1eb3e1d30b25,17-01-2024,Los Angeles,28
a0aff1f6-43ac-4544-867b-715d27c7e749,Headphones,Electronics,3,328.22,984.66,0d254ddb-ec46-44cf-979b-fabc7885c6d6,12-01-2024,New York,25
b2022357-81cb-4fec-ae45-1936656cfa8e,Monitor,Electronics,3,165.8,497.4,82c32dc1-bbe9-4fa5-8c61-d0d113f01321,17-03-2024,Chicago,62
0d73e417-888b-4a61-a740-faece67da3f7,Keyboard,Electronics,4,293.89,1175.56,d6a80592-c442-4cdd-b6a9-5acb42033c65,01-05-2024,Los Angeles,50
9776f02b-62ad-483e-89be-a93a3f6eeb0a,Monitor,Peripherals,4,350.61,1402.44,e0cfd9dd-428b-434a-b5ca-d85d51af9f79,16-04-2024,New York,43
fd67dbcc-091a-44ea-ab70-d16ad6249916,Mouse,Peripherals,2,43.43,86.86,5dd35b22-31ce-409f-91f7-52edb3021580,17-01-2024,Chicago,61
549837c8-1da1-419e-ba46-04b3da52dcd5,Laptop,Peripherals,4,155.03,620.12,9ae4be8e-7854-4ed1-a03d-a24b81fb9daa,28-04-2024,Houston,29
e04cc978-3df0-413e-95d4-6e8fd7fcca7e,Laptop,Accessories,1,91.75,91.75,56208d5b-26eb-46b4-bdb6-b01cf2e76d50,08-11-2024,Chicago,56
684f2dc9-bd94-4049-bcc9-41c6c0aac580,Keyboard,Peripherals,4,46.06,184.24,506b6621-5796-44f7-802d-390896fd6298,23-05-2024,Houston,55
41cb5023-3aac-4d71-b8d7-025deaaa99ef,Monitor,Electronics,1,339.33,339.33,d30458db-0a55-40c3-8d5c-c1b8e19f056d,01-06-2024,Phoenix,28
dab1bca3-227d-418a-be3d-4f531e283964,Mouse,Electronics,5,444.21,2221.05,beff1cc9-d485-4ff9-a4fb-5a4fb869d3d6,22-07-2024,Phoenix,27
df01aa6e-411b-4da7-ab94-7e20608ebecd,Smartphone,Peripherals,1,52.79,52.79,5de5a0e3-d806-499c-bbb3-0a170b4f8f82,25-06-2024,Houston,49
1a45b13c-a621-45ed-bf62-274cec2a9913,Keyboard,Accessories,5,161.71,808.55,d441a067-5875-4705-a494-5a3a6f57a2b4,18-05-2024,Houston,56
6003a093-e5f7-43f0-8cfe-3e73b746a194,Smartphone,Peripherals,2,39.01,78.02,58d884dc-a452-4b9a-b369-6d3862babd7f,17-06-2024,New York,35
458dd61f-6bcd-4f69-96ce-d3d257bcc74f,Laptop,Electronics,2,350.99,701.98,1a4ac477-0227-4ab7-b38d-12f69533eba4,09-02-2024,Phoenix,59
367744f9-74ef-46b2-b229-1e2f4891cab4,Tablet,Accessories,2,423.42,846.84,54f7bb28-1fab-4720-878b-3f5bfcb6cc4d,04-04-2024,Los Angeles,59
2b06a15c-482c-42ca-9cc7-f5f1228dc748,Laptop,Peripherals,5,385.38,1926.9,8833a1c1-555e-4ac3-93e6-5102cc5299fc,05-07-2024,Houston,58
3fd00e09-9304-4b84-b037-4c183eff81e0,Smartphone,Electronics,1,54.55,54.55,75d716ce-cf5c-431c-b8da-9843467e11c0,25-10-2024,New York,20
c3d7d668-aabc-4bb8-970b-be81a9124268,Mouse,Electronics,5,53.25,266.25,4951161e-5b73-4944-986e-38b11f104846,09-10-2024,Los Angeles,54
47b9362a-0c4e-4bbb-be8d-b988c8074df2,Smartphone,Accessories,4,172.77,691.08,41e5368d-3cbd-454e-9642-98061525dd1c,14-09-2024,Chicago,20
66f39e1b-1cc7-4fab-ad65-3762e8b38653,Mouse,Peripherals,5,367.55,1837.75,35fad694-1975-42f2-81c7-ead5c0f63f6c,02-05-2024,Phoenix,44
37a32c21-a019-459d-befa-a12b2a928500,Smartphone,Electronics,5,52.12,260.6,0a881c2a-96ba-4bd6-bfca-5c16a45c2b66,31-03-2024,Phoenix,21
8cd1d7c3-08e7-4be8-a3ed-6efb5adcaf48,Smartphone,Accessories,4,183.16,732.64,fdb90d25-081f-4858-9e89-854679b32d20,13-11-2024,Houston,19
58613fe2-c3bb-4be1-a05f-5df983ecb805,Mouse,Electronics,3,217.09,651.27,75e5fe43-8542-4e39-8d68-32772e7097fa,14-03-2024,New York,64
4aff3d48-84a6-4e19-9333-2a5a89ba0d2f,Monitor,Accessories,5,243.55,1217.75,1567496b-85e5-48f6-b12d-c713f5f1c121,12-06-2024,Houston,31
52fdd6bd-020a-485e-a4d2-b9b5ffdd25a3,Smartphone,Electronics,3,65.31,195.93,3cf465dd-5854-4b86-9cbb-3ae524b424f2,12-08-2024,Chicago,55
a85107fc-c040-431e-8615-681824597f26,Smartphone,Electronics,4,409.85,1639.4,1f94be28-3982-4245-ad42-bd664be9bba5,13-06-2024,Houston,20
3963d624-5fdd-400d-b786-f884c8eff04b,Headphones,Accessories,3,227.26,681.78,13974aba-c2ed-4dc7-8973-d82e661386e5,28-10-2024,Phoenix,59
86ec16f4-91dd-477d-ad39-4a533b6c3b13,Mouse,Peripherals,2,190.67,381.34,f5cd4e19-8934-42bb-9902-976dc7167907,04-10-2024,New York,56
77995cdd-fa54-4b6b-9b5f-671f5cc76dd3,Laptop,Accessories,4,156.96,627.84,6e372471-5988-407c-9227-e0188c4cddd0,27-02-2024,Chicago,56
f236af9f-88c9-45b6-919a-49fb043aa7db,Laptop,Accessories,1,439.76,439.76,b61b8869-0507-458d-ad41-bc6fd33a6ed9,01-08-2024,Los Angeles,26
35eddb04-c30c-4d7b-9b0a-f49c3842fb72,Headphones,Peripherals,5,26.04,130.2,8bc77e72-70d1-4e67-af80-95b029991d9a,18-05-2024,Chicago,47
999cc78a-2a77-4cc9-b058-23e10c4f1727,Mouse,Accessories,4,480.01,1920.04,89e052f3-e5a2-413a-838c-a83020f6cc9e,31-07-2024,New York,32
bf20f9cd-a9e0-4895-87a9-8315f91b4bbc,Laptop,Electronics,2,123.11,246.22,e294a29a-cf18-472e-899e-84824b1379fd,20-04-2024,Houston,53
8894cee1-a59a-4a96-888e-9f0ed934d817,Mouse,Peripherals,2,67.22,134.44,2465fe4a-bddb-44d7-b275-373efb84339e,16-09-2024,New York,37
2d611094-85e9-4c1b-9ccf-039dd00a0776,Mouse,Peripherals,3,341.74,1025.22,356f8f9b-98e6-4a32-9506-af1fd205a776,07-05-2024,Los Angeles,49
92a8a18f-17c4-409a-8844-53eae9304606,Laptop,Electronics,4,271.39,1085.56,4f9a95a1-7de0-4fd4-b111-5e5b4a3f942b,19-09-2024,Los Angeles,34
77ea9077-efaa-4fcb-a7ad-4aedd1c3bbbb,Monitor,Accessories,3,27.06,81.18,aef70a23-40c9-4f5f-a5f1-2d119621e953,18-03-2024,Houston,24
0d1fcee7-ed20-4370-9b2e-b9090eecafb3,Laptop,Peripherals,3,177.93,533.79,7494c443-36cc-44f7-8078-6a3a56f02d43,26-05-2024,Chicago,57
2ae26156-b4ee-4608-8e25-b29a8e0d735b,Laptop,Peripherals,2,228.62,457.24,2e3b80b2-8ea3-4a5c-b952-2151adb6b4c3,10-09-2024,Phoenix,31
fd7e8341-90b9-48f3-b163-9e99f5d823dd,Keyboard,Electronics,4,489.28,1957.12,7813ad71-fb2c-43bf-b98e-eac6ed11156a,06-04-2024,Chicago,25
b9bfaaa1-b04b-49ec-b69f-f386c814fa5c,Mouse,Accessories,5,164.01,820.05,e35a2a93-3ddf-4541-acd1-1466a88515bf,11-05-2024,Phoenix,60
571ce0f1-4118-4238-8618-d8394b1a97e2,Keyboard,Peripherals,3,495.93,1487.79,72f77748-c5ce-4978-bb49-0ec033d88f55,23-05-2024,Houston,53
0685417a-efc1-47e1-8f65-89b8c0a60117,Tablet,Accessories,5,185.53,927.65,07445c7d-cb3e-41ed-b93e-4d2e35d4d3a9,07-02-2024,New York,26
f5a1471f-8918-4e5d-9df6-acf48addb8bf,Laptop,Accessories,5,488.82,2444.1,8949924f-aeb0-402d-9df8-e07542e40121,18-01-2024,Houston,24
e89bdf2d-929b-446e-88d3-626c3e3c2527,Mouse,Accessories,5,40.98,204.9,56f9bf44-5b5c-4e26-bf8b-9be5fabfb280,01-05-2024,Los Angeles,57
4bc4332b-d74b-4b67-98e1-6a4e4307f4cb,Laptop,Electronics,2,91.49,182.98,7928e169-67b8-4f8a-a551-cf6e3a13a8da,29-10-2024,Phoenix,37
8e1fa7fd-225c-4301-9fe9-3e0a6cd33c7a,Monitor,Peripherals,1,149.53,149.53,35fcef59-e762-4c91-8270-9680e7b1da03,27-10-2024,Phoenix,50
368b0f3d-fd6b-4432-88c2-b068c7e5af19,Monitor,Accessories,2,68.45,136.9,c645050b-b194-49b5-919d-137607ec671e,15-03-2024,Chicago,56
5d3614ed-81cb-4321-a115-c4ecfd130bcb,Keyboard,Peripherals,4,153.74,614.96,c795a502-0575-4062-af1b-6c85910c190f,19-05-2024,Chicago,30
b496439e-2e48-406c-b38c-615dd9761c7b,Laptop,Accessories,1,181.13,181.13,e909dbc9-6cdd-4f19-b582-56a8b535d5b7,10-11-2024,Los Angeles,32
abb17570-bdf2-43b1-8869-26291a796e03,Tablet,Electronics,1,120.85,120.85,0cd61cc3-d325-4832-b5f1-80aed4da3477,10-11-2024,Houston,50
561e914e-1f0c-4a7a-82e6-e5738b8b1f43,Smartphone,Accessories,5,447.78,2238.9,1d6bfe7e-594b-4b40-858d-3c1fb81eef4b,06-01-2024,New York,35
c79155b2-1d7b-4568-b550-5bd6bbba05a9,Mouse,Electronics,2,479.66,959.32,11a343e3-6d4c-4675-9a51-8136ba16b02b,19-03-2024,Chicago,48
3ba26075-80cf-4d07-9e5b-2630c4e57e2d,Keyboard,Accessories,3,353.67,1061.01,da76dae5-5371-4d46-a547-92621eb51eb5,24-06-2024,New York,38
24ca1387-b71e-470c-9b9b-d590abb69378,Monitor,Peripherals,3,392.02,1176.06,8f4216be-f454-4a9c-b490-12db146df1a7,28-08-2024,Houston,49
890a00cb-4abe-4086-a8b4-268d529f7a8a,Monitor,Electronics,1,297.18,297.18,dc3ed6c4-aa51-4f31-8d7e-c4e20042514e,19-02-2024,Chicago,47
294c8cb6-dc40-4a3f-94df-58ee6fd58d8c,Tablet,Accessories,5,337.2,1686,26a71346-d327-49d7-b72d-5d86f5f7c032,02-01-2024,Phoenix,64
0b2d377b-ac61-4709-afc4-f2835708d44d,Mouse,Accessories,4,41.97,167.88,d1ec1cd3-afa1-4ab3-b0dc-aedab4967dc6,08-03-2024,New York,32
7ed0d662-9a0f-4f19-9ea7-bc9b7a5a43af,Mouse,Accessories,2,153.67,307.34,c1e60db7-a3f0-448e-8c6d-07ba2f116301,23-10-2024,Phoenix,57
a6e4563b-35ed-41e4-8d0a-07c9fc6bc760,Tablet,Electronics,1,419.67,419.67,b2efcf85-ca07-4258-b11a-6c25f9584862,02-01-2024,Chicago,22
6b2a0010-701d-41fb-a086-be7e4575b2c4,Smartphone,Accessories,1,354.55,354.55,5924de9a-256e-4360-be8f-dbf0c89c7b4c,16-11-2024,Chicago,44
60149cac-9a1f-47fd-8213-3105b7792b2d,Laptop,Peripherals,2,435.35,870.7,0d4e7ce6-ef5f-4e7b-8c7d-000cc70a61d2,10-04-2024,Chicago,65
c4a0fed8-b1e6-46a7-ad76-a3f2de2363f5,Keyboard,Peripherals,5,367.41,1837.05,5f6471e9-fbac-4220-9847-c27723d7d444,03-08-2024,Houston,23
3c4a7c57-525e-437c-8b5b-0d8ae680ef14,Keyboard,Accessories,3,284.89,854.67,a28eba39-5b4c-49f5-9f9e-e58cad0f650b,12-09-2024,Los Angeles,57
61ee6df6-5b94-410c-b4d4-5fafd72af3f6,Headphones,Accessories,2,241.33,482.66,0cb3e5af-0473-4c4a-a5f3-b28627e4c87e,02-10-2024,Chicago,58
202b3183-4fdc-49d9-a598-127d05b98b6f,Smartphone,Accessories,3,421.56,1264.68,68166b4e-984a-46b1-82da-56a09f02fae4,13-02-2024,New York,61
99aa6abd-15b5-4356-b058-7f7fe7c6f220,Laptop,Electronics,4,449,1796,aaebd218-72bb-4d42-a78b-31a5e062212e,25-06-2024,Houston,41
cdfe51ff-d8cb-4204-b8bf-18547ca62eb0,Monitor,Electronics,1,202.94,202.94,9066f53c-8628-4517-a8ea-afb24158e849,19-08-2024,Houston,35
b0e98066-690c-40c1-b515-593d831612b8,Mouse,Accessories,4,94.98,379.92,965365d2-18ab-45c6-acc1-7181598e018b,26-05-2024,Chicago,21
f3c5218f-e5d1-4afe-94d3-64fa9077a80e,Smartphone,Peripherals,4,127.5,510,5e5c2e8c-b554-43ae-bf56-c2b1cb81b0cc,23-06-2024,Houston,56
b2a00a72-095d-429e-b252-b7984b4f9b06,Monitor,Peripherals,4,118.63,474.52,4f356f4f-f2ed-4237-ae81-93cce413402f,17-08-2024,Los Angeles,39
35107615-a538-4ace-9abb-e2e900d640c4,Headphones,Electronics,3,333.93,1001.79,98c6e4fd-fe0c-4a2f-af01-5116c66afed4,23-06-2024,New York,53
e5cecbf4-ca72-42ea-bc15-e1ed3fe66c44,Monitor,Electronics,3,262.91,788.73,f05b964c-7474-473b-963b-691c9146bfd5,19-08-2024,New York,48
b323dafe-6a59-42ae-89ad-29df0a89e3bb,Laptop,Electronics,2,386.62,773.24,8059ce18-13cf-4108-95f3-4d9c61c4f27b,25-10-2024,Phoenix,19
45b8c0be-b296-4837-ae92-a21aeea039bc,Headphones,Peripherals,3,112.08,336.24,8c21f462-8762-45e0-a09b-2fa198c19fac,15-03-2024,New York,25
9c5a62e8-d173-4139-8c32-92ed8e1acb35,Keyboard,Accessories,1,313.64,313.64,bcba836d-6a81-42c7-845d-46f5711ad7a3,02-09-2024,Phoenix,54
abb4a4cc-b5d2-4be6-a49c-6c1fb416d153,Tablet,Electronics,1,393.89,393.89,d629a7fd-bcee-41d7-aff7-3c3da4574b6b,10-03-2024,Chicago,53
f7ebf525-811e-4e39-9541-119bcccc4679,Laptop,Accessories,4,169.15,676.6,038825f9-ecd1-49f9-8856-3e678d6a6765,07-07-2024,Houston,52
5fd9b7b2-fa26-4a08-8093-c1693faccc5e,Headphones,Electronics,1,135.63,135.63,ecaba198-b4e4-409d-89ba-fc4a8d7a810a,29-05-2024,Houston,23
d864ea39-e10f-4459-8d28-953e21e07c68,Monitor,Electronics,2,103.04,206.08,00095366-0c3e-42ed-b3e9-d1653b724035,22-06-2024,Los Angeles,27
0216d2be-3637-4682-82dc-654a3d65be48,Monitor,Electronics,3,491.8,1475.4,caf87a7a-31f4-46cb-ae7c-4ee85ae96461,09-01-2024,New York,40
ec2da997-c1bb-4267-92d0-8f91bbf61ff4,Mouse,Accessories,4,430.35,1721.4,7c878996-7ab5-4c65-bc8a-5c3582bca3eb,21-01-2024,Phoenix,24
27bedec6-6dbd-4390-a2e9-2046cdb6dbe0,Headphones,Accessories,2,355,710,2c4bb81c-189c-4670-bad2-c67033166e3e,27-06-2024,Los Angeles,56
1bb9a1c3-c853-48d3-b0ac-33466d28d02d,Keyboard,Peripherals,3,424.19,1272.57,b0567a74-127f-49cb-bbd9-47d4e28be0b4,26-05-2024,Chicago,34
9c813717-8a45-4ee1-a72b-7f85259eff45,Headphones,Peripherals,3,458.81,1376.43,82ff69cb-8d56-49b3-bf03-2e740bd2574f,22-01-2024,Los Angeles,35
8a8e1081-b708-461d-8dfc-fde5fe2e8864,Tablet,Peripherals,4,121.11,484.44,e458826e-d99b-42ce-a0ea-3d6011f4221f,04-10-2024,Houston,41
e9bd2444-30b0-40a3-a50a-38aa0b0ba1f5,Laptop,Electronics,3,328.72,986.16,ac628b45-8443-43a2-b67c-ee76ff3fae9e,06-06-2024,Phoenix,24
6395f283-8284-4b2b-a9c6-e256fbb89324,Smartphone,Electronics,1,47.39,47.39,9946d83a-34eb-41c5-a175-5bbac4f54d9b,02-01-2024,Los Angeles,33
c2909f3a-c040-4f63-a3cb-beae3a06a8c2,Mouse,Accessories,5,305.99,1529.95,b1fe1da0-1b2e-4432-aec5-6965fa9044fc,21-10-2024,New York,36
ce44a6b7-8a41-4243-b1b3-5221ecf02c86,Laptop,Peripherals,4,28.24,112.96,c999eb18-6eb2-483d-bd1b-c7331d0ee5d1,19-09-2024,Houston,52
f90738a9-52c9-46c4-a96a-f756df54667f,Mouse,Accessories,2,393.17,786.34,4fde09fe-30f9-4082-bde8-8f2c895d94e1,23-09-2024,New York,58
42d5adbe-d2e6-4812-95cf-ffe9158e8324,Laptop,Accessories,4,240.4,961.6,aa81a4ce-cb9d-42a2-b125-02bb9916d916,11-02-2024,Phoenix,25
08664cad-b831-4854-8c5f-bacec1fbdf5f,Keyboard,Electronics,4,384.84,1539.36,f6b08493-3e67-44db-a9b3-77d28883c768,02-10-2024,New York,39
ad63c7da-7afb-4204-8eb0-d6fd2274d666,Mouse,Accessories,2,465.96,931.92,b3fd57ee-b800-47c1-b873-54a9ad2a2227,24-05-2024,New York,40
e617ea71-620a-4afa-b509-85d081cd09c5,Smartphone,Electronics,3,133.33,399.99,42f1179d-e88f-4bb1-a120-cf40e51930b4,31-08-2024,Los Angeles,44
b9402ebd-2b38-45b6-a1e8-c3a850991cfa,Keyboard,Peripherals,2,473.13,946.26,835866f0-1de0-4331-9414-1f79b26e46db,24-06-2024,Phoenix,46
962c75c3-04e4-4719-96b1-415abc2f0406,Laptop,Accessories,2,191.72,383.44,26c07257-3e5f-4ab2-973f-7d9ee00d28cd,14-01-2024,New York,41
308eed9a-f787-42b0-9673-c343ab386f64,Headphones,Electronics,1,193.83,193.83,e52acdc3-3622-4945-b016-870a93aa86cd,11-08-2024,Phoenix,24
b6e623c0-48fb-4993-ba63-13fdf6b0b1f7,Mouse,Peripherals,2,365.35,730.7,8bdbe44d-2376-4f38-bac4-9536461dc299,09-10-2024,Houston,59
2b269ed2-9a93-4f7c-8642-67241940ab2a,Monitor,Electronics,3,311.53,934.59,bfec5506-a08c-433c-9464-758f756890b6,13-05-2024,Phoenix,26
9acc31dd-3e31-40d8-b0a4-3fec22e608c1,Keyboard,Accessories,2,344.62,689.24,ba08540d-9df9-4a07-9a58-a91ab348e903,26-08-2024,Houston,25
0bee0766-b919-4b20-9279-85bf8fe03026,Tablet,Peripherals,3,109.35,328.05,97272cb4-ed3a-4799-83e2-a1166dcfb724,04-10-2024,Los Angeles,52
ed66cd03-c4a2-4d0d-9d2a-2cfa16c61321,Keyboard,Electronics,3,497.42,1492.26,fd62f6a2-79bd-4479-a267-9e437298a3e2,14-05-2024,Chicago,40
274b4a8e-b600-413b-a848-70817bb9b86a,Laptop,Accessories,2,435.57,871.14,1a9c3365-c0c3-4a6b-9e56-9162707bbdf9,25-07-2024,Chicago,24
331d2bf7-43e6-4e05-bb27-b6dc7598f839,Headphones,Electronics,3,312.82,938.46,4aeabfed-a736-44fb-99ff-8e14994c6aad,04-10-2024,Houston,60
6d16b8f6-3f59-4c2d-8c8c-01436bf72e2b,Smartphone,Peripherals,5,492.79,2463.95,8a9801c8-0b40-408f-8b4c-7b669cc3662a,01-06-2024,New York,24
c0530528-ee84-4499-9791-0668ae7e53b7,Mouse,Peripherals,2,258.63,517.26,02045255-2963-4506-bd8b-d3320b4ad886,02-02-2024,Phoenix,65
a2cb400b-38e6-478f-a3fc-58531fba0dfe,Keyboard,Peripherals,4,463.12,1852.48,81070484-afaf-47fc-8fed-9c3e0c9c9ddc,21-07-2024,New York,53
39a3b190-e0c3-4eb8-ab1d-bbe8ca9eab68,Keyboard,Accessories,1,499.69,499.69,3c50aad1-e5a7-41c8-a59f-63fdabf6b3c4,04-11-2024,Houston,55
eaaafb63-788b-44d0-93b7-664700e0fca8,Smartphone,Peripherals,4,311.42,1245.68,effdd274-413a-4e17-85ae-b817b05c4953,02-11-2024,Chicago,55
0e1d6732-9761-4bbe-8bf3-c4f689b0507f,Smartphone,Peripherals,3,279.74,839.22,e2bbb379-26f4-4fb3-a516-9b752dce0d10,11-01-2024,New York,21
aab7568e-4e3d-4813-8179-36b6f6b2a81d,Headphones,Electronics,5,499.02,2495.1,83e78663-ba99-4b6d-b167-a2e16c0f00dc,27-10-2024,Chicago,24
b572c3c2-b624-4d60-9d4d-3b588a86bc5d,Laptop,Peripherals,4,451.86,1807.44,9871a5e4-3d5a-4d5f-9368-fa33c6eab3cf,31-03-2024,Los Angeles,26
5e655eab-8c86-4458-b650-3e44c6441f10,Tablet,Peripherals,1,101.86,101.86,24fe6a7d-e3a6-4db9-8dca-ed92bceee749,13-05-2024,New York,41
fb473fb7-35b9-4ed1-a9d6-6958fcf0ea86,Keyboard,Peripherals,2,26.21,52.42,cbce5429-94e8-4a32-9a00-06b38594146d,17-04-2024,Houston,54
b24a42fd-1cd4-4942-b259-2bd7e0a1b016,Mouse,Electronics,5,305.39,1526.95,fae73650-9f99-445d-abf5-8956072594e8,04-10-2024,Chicago,22
d7060428-3cb7-4064-9af3-1ee3c0793b4f,Keyboard,Electronics,2,93.1,186.2,da9eea60-c2b6-49a1-a4fb-19f30bcdf172,29-03-2024,Phoenix,53
640e16f7-0a27-4021-886b-fdd81a1f5fd9,Monitor,Peripherals,4,474.63,1898.52,bb2ba386-d360-450b-8545-5d4c387bc259,14-02-2024,Chicago,33
5ba3ea11-ee37-4b11-b7ea-c602023fd4fd,Smartphone,Electronics,2,244.48,488.96,2ddc1691-8412-4e88-b2a4-8564f5216161,27-07-2024,Houston,21
884fb79c-cde3-45d3-9b80-0c674380dc3b,Keyboard,Electronics,2,55.59,111.18,ce224239-cc82-4a5c-aae8-8110e5c1cefc,21-05-2024,Houston,58
3f0a2b65-5580-4958-8ca2-b91ee3b6c704,Tablet,Accessories,5,471.58,2357.9,d4a40741-1c87-4ccc-9dbd-88753e26ab91,14-11-2024,Chicago,19
b3f9a3e5-1d00-408a-b33d-0f5721058c80,Keyboard,Electronics,4,319.18,1276.72,19165861-2d64-4378-8152-5a473531f8c0,03-03-2024,New York,50
e578ee41-d5d6-4977-8f14-36ba911bb801,Laptop,Accessories,1,213.72,213.72,1f58c211-65c8-4422-87a1-d3a765778691,22-07-2024,New York,57
24179e36-8817-4306-9599-5c9b6cbe4d64,Monitor,Electronics,2,272.92,545.84,b9cf5822-322a-40dd-b24f-87ae11bab250,26-02-2024,New York,47
a7cc9d73-d904-49e1-929e-1484c247c71b,Keyboard,Accessories,5,405.95,2029.75,93827c11-62c5-4ede-a52f-e29c0bd88fa8,29-04-2024,Los Angeles,51
190fa95d-6efd-4d5b-992f-b289caf6eb8f,Mouse,Accessories,5,52.24,261.2,ab500831-6e8c-4559-8777-1c7037de4b43,18-02-2024,Phoenix,28
85f989ca-7bd4-4bf7-8f05-5686204391f5,Tablet,Accessories,1,139.45,139.45,009cd0b1-0bc0-4df5-8fe2-efb4a7667841,06-03-2024,Chicago,63
296275bc-d08d-4d47-9d21-4c039e4a95d6,Mouse,Peripherals,3,384.75,1154.25,46923671-0a65-4ea7-9b5a-af9c390d0efc,04-03-2024,Los Angeles,63
0e725b0a-23b1-4b41-a9cc-2f1ae8ebe087,Smartphone,Accessories,4,73.52,294.08,1434ae8c-0967-4900-8d09-bd5e4a8cba91,18-03-2024,Phoenix,49
2ea07315-ac84-423f-b6a7-aae3d8f62bb0,Smartphone,Accessories,4,124.66,498.64,291b3e68-f728-4b7b-81b1-cd9ae8977d5e,11-03-2024,Houston,39
ec20ac1e-e357-4fd8-bc16-e1ed6e5eb199,Keyboard,Accessories,2,465.01,930.02,3c57ba99-301f-4aaf-8527-1fb81982fee3,23-01-2024,New York,64
92252585-ecf1-4af3-ba1b-4dc75e70902b,Monitor,Accessories,2,305.78,611.56,1ee8fa99-b7be-4011-8ae6-f82556f7db8c,12-09-2024,Chicago,38
9c240287-a7a5-493d-8ced-fe6ae95723d4,Smartphone,Electronics,4,145.54,582.16,1b684e11-cb78-438c-8b55-24e442216eb6,11-02-2024,New York,54
3a5d83c9-f9f2-4f71-9165-1ffbec05d3a3,Keyboard,Accessories,5,475.32,2376.6,f3d18a9a-3a8b-4fec-ac4e-944638b467ca,26-09-2024,Phoenix,57
11ecc68a-71a2-43a3-ab42-65583d976528,Laptop,Accessories,5,158.42,792.1,95a7eb17-4550-4539-95cf-5ed88beb50d4,09-11-2024,Houston,45
ee476b15-bfeb-4613-8ef7-d5732a0cd148,Monitor,Accessories,3,188.2,564.6,00e2fea9-086b-4654-8bf5-feec277fe5d8,03-09-2024,Phoenix,52
a70e5535-885e-447e-988c-8a8b4f5d9233,Headphones,Accessories,3,190.26,570.78,9792c1de-aba5-472f-8aa2-59500742296e,12-06-2024,Houston,51
99d921b3-b505-4d6a-9065-012828f67d36,Laptop,Electronics,1,68.82,68.82,1ca55006-ae46-4816-bb59-f185ac51ac13,11-06-2024,Phoenix,43
a9eac6b4-e6b9-43c6-9003-f03f1612cc72,Headphones,Electronics,3,311.91,935.73,addd9b66-9457-4a5a-b5cd-f529f3547662,20-05-2024,Houston,39
750300af-6aec-4957-94d9-bd1e818836e4,Laptop,Accessories,4,277.78,1111.12,84a0148b-5a1d-4ec1-b177-d3f93f00978e,23-03-2024,New York,62
1cbe6886-ca4a-49f1-a92c-2f213a485f6e,Headphones,Peripherals,3,91.69,275.07,dab2ddd3-568d-42cd-881a-f4357dd9c0d8,10-03-2024,New York,60
1452c694-b6d6-4b5b-80dc-85323e6eca61,Keyboard,Accessories,2,374.86,749.72,1d19ed75-3128-47c3-84c4-62bb8dab650f,23-07-2024,Los Angeles,56
ed1feb5e-392a-435f-964b-1f2b778cf1fc,Headphones,Accessories,5,164.92,824.6,1451a07e-a511-4832-81b2-e52392dc2706,31-08-2024,Chicago,63
48cb7df8-332e-4d92-b027-a1e3cd0a76f0,Mouse,Accessories,4,231.51,926.04,1180805c-bd49-46f2-979f-f75c805981c9,24-07-2024,Houston,47
76774350-86b5-4bef-a6fc-0bc150eb7dc1,Smartphone,Accessories,3,461.38,1384.14,8c588d85-2606-49b0-b029-a1930dd14f32,13-04-2024,Chicago,53
b352447a-eecb-4b23-83b1-289e2eaeb6a7,Smartphone,Electronics,5,471.89,2359.45,130ef79b-9ddb-49ca-b2e3-9a5441b76935,11-08-2024,New York,28
c2a8b69e-b1f4-49bc-8a3d-29b05cd8ec15,Keyboard,Peripherals,2,322.18,644.36,65c569ad-d77c-4228-83ad-8bb790c63132,13-08-2024,New York,56
f414c9db-e812-40f4-a6d0-bf5f4266131f,Tablet,Accessories,1,101.32,101.32,e86e8042-8141-442f-ac5c-06fed7a5a492,11-02-2024,Phoenix,36
b10bb5ec-0079-4d6e-9fae-f39b7907a7e2,Headphones,Electronics,2,288.18,576.36,f29e1f8f-4de1-4976-aeb2-bd6829f73cd8,27-07-2024,Los Angeles,64
68f86c32-0c37-4c4f-b0df-85a0c810ad09,Smartphone,Electronics,5,370.04,1850.2,de220d31-641f-4ce3-84e9-8ed47b74c9d7,19-03-2024,Chicago,58
81f531f2-9f4b-4dd1-8c8f-4a6dc578ffaf,Tablet,Peripherals,4,271.12,1084.48,21cfb4df-1cdb-4fe0-9af8-8549418aafc5,14-05-2024,Phoenix,48
0238dc52-3dc7-40e9-9ba0-aa54793c3f22,Headphones,Accessories,3,120.74,362.22,992da37f-4067-4733-9700-93b2c6a30c01,11-06-2024,New York,63
77263704-9a13-4042-8c29-eeafe3fbfb11,Headphones,Accessories,3,44.86,134.58,6ed8c29b-bb6d-4c26-9cf7-cf3d5f8837e6,12-06-2024,Los Angeles,32
c9d06f96-478d-4da4-9e4b-4dc5ed70a27d,Laptop,Peripherals,4,469.78,1879.12,3f1c5b6f-1d53-4d45-b0e7-6a1018584c48,12-09-2024,New York,62
c571cd9a-0585-4d7a-99fd-6b89519f1f68,Tablet,Electronics,3,71.51,214.53,c6680f6c-831b-402e-ab16-763f9d6c3fdb,21-02-2024,Houston,27
6db2b803-4585-4028-bfb1-d055c9443820,Tablet,Accessories,1,184.5,184.5,79eab764-24d3-4970-985f-6bf88683169e,14-07-2024,Houston,43
5bd2e76f-ae71-4360-9134-fe8245102218,Keyboard,Accessories,3,460.07,1380.21,ad026576-7f10-46f0-85c7-d548fdc01982,12-06-2024,New York,61
67f4df17-46bd-41a3-aabc-8afd10704203,Tablet,Electronics,5,437.21,2186.05,a5f2df50-bc60-4a26-b350-ccc27fe7f498,16-11-2024,Chicago,54
667abc6f-28b7-4cd5-a4be-d0a8d07344ea,Keyboard,Accessories,4,120.8,483.2,0036eb09-717f-413e-a998-d917fe2990dd,07-11-2024,Los Angeles,26
35732d1e-d918-4767-b2c9-bd9db54a1608,Keyboard,Electronics,4,74.75,299,b0ef1435-fdc4-4ffc-87ef-e750d76ba057,23-04-2024,Houston,19
e78c4c95-38fa-4f21-91a3-c7cc9e28800b,Keyboard,Electronics,5,228.7,1143.5,80b11271-bbaa-4883-a108-00268f010a7f,17-09-2024,Houston,32
7c1b1450-72bf-4621-a7dc-2cb916cea837,Mouse,Accessories,1,479.48,479.48,239f6c00-eb70-4319-9625-49dddb5d97d7,18-03-2024,Los Angeles,49
1b7cb9eb-7f50-4c12-a6f3-05e60597af31,Smartphone,Accessories,2,127.53,255.06,e575295a-c659-4f18-aefe-dfe773294687,30-05-2024,Houston,34
32c9f309-9280-4ef1-a3f2-441b424d742c,Tablet,Accessories,3,306.18,918.54,ef06ae76-e3f5-4ff4-ab64-b98e9dcf2762,08-06-2024,Phoenix,19
17f9bac6-0aaa-4e7b-b143-edc26c15c59d,Laptop,Accessories,5,32.54,162.7,3d56ccc3-0944-4150-8377-6d28a38d3ad8,22-02-2024,Chicago,19
5ee15496-5488-4e1d-af4d-b9d820b1d124,Smartphone,Peripherals,5,109.59,547.95,f3da3e13-6875-4eaa-8ecb-727ff966993b,03-01-2024,Houston,23
cc86e137-7571-4bc2-8d2b-6a41814c79db,Tablet,Peripherals,1,286.18,286.18,d04843c8-2d5b-4d90-a401-909e67930625,11-01-2024,Houston,50
4f3d2455-51a1-4702-8942-8b44836a2ad3,Laptop,Electronics,3,234.4,703.2,adde3600-f6ee-4117-8a7d-45545f8604d7,09-04-2024,Los Angeles,38
d8cf3cd6-bdef-4e98-b165-53c3d88d476d,Keyboard,Electronics,3,238.42,715.26,c2f16dbd-a4d3-4e5b-bb71-c3d0bab34065,03-10-2024,Los Angeles,37
a702cf09-e981-4a40-bb8e-f8473b8a4999,Tablet,Electronics,4,200.23,800.92,770df401-f35a-4255-8331-ff1380b1648f,23-01-2024,Houston,62
3a7bb158-ebcd-4e73-917b-96a31765ae1b,Laptop,Electronics,4,414.39,1657.56,dfb8badb-6ea5-4fe8-930c-4c3f463ea13a,17-04-2024,Phoenix,32
58beb9b7-abdc-4e56-94bf-9eb030359640,Mouse,Accessories,1,343,343,f8c79eff-b25e-4aeb-b057-949e7598a621,07-01-2024,Phoenix,65
34fcee31-7e10-491c-bb4d-6e46a1585714,Keyboard,Peripherals,4,262.71,1050.84,2527bd89-25ea-488e-8ac8-2ce5cd25de98,22-07-2024,Los Angeles,40
a67546b3-52e7-4617-a43b-de45128ca99d,Laptop,Electronics,2,227.87,455.74,eec62e9c-d9e1-4d53-a11e-afce99a1c439,16-04-2024,Los Angeles,21
f0990bab-0f74-4b82-b12d-0ffe85c2f02e,Tablet,Peripherals,1,193.27,193.27,1553ffdc-dee4-448f-9914-0ae6b72c87d4,01-08-2024,New York,56
6552fb5d-f08c-4f80-8325-add10c91bf48,Keyboard,Accessories,4,172.9,691.6,acf3e1c8-3774-4007-b876-cf4ff05bb4c0,30-10-2024,Chicago,23
ab97d433-e63e-4ca4-8b06-732e017258d1,Mouse,Accessories,2,396.89,793.78,217664e3-9b54-4820-a3d6-5ffc69acf933,04-07-2024,New York,48
933304bb-95a0-433d-a965-5ec9e4dbf549,Keyboard,Peripherals,1,71.35,71.35,bb628ce7-55b7-4ba9-8567-8a5b127f9ebe,04-07-2024,Los Angeles,45
f254c732-0128-4265-900e-7f8e5df3f793,Smartphone,Accessories,2,172.17,344.34,a53fa8a4-b507-4b31-afc0-d96cbcf714f8,02-02-2024,Chicago,50
0d5fcd36-e2e0-459c-8bbc-883c157a82ea,Monitor,Electronics,3,40.62,121.86,8e1803de-5535-4a13-9241-dcc7dc9e918d,18-04-2024,Los Angeles,19
e2e0ad63-308e-4fd8-9fa5-ff8411efd8cf,Headphones,Accessories,4,462.87,1851.48,e0c4c149-4b00-4ca8-a256-1ecb9867be48,03-09-2024,Chicago,38
dfa2c6ab-ef41-44ed-aeea-51542a3c066b,Smartphone,Accessories,3,36.01,108.03,ed6dca1f-15dc-4569-a587-d05c75fc6d7a,21-07-2024,Los Angeles,54
19c5f570-0f01-4de0-a74f-704a2fda518f,Mouse,Accessories,5,263.88,1319.4,cc0f767a-b95c-4e5d-b4f5-8879aa30ce98,07-02-2024,Los Angeles,46
da54d469-32de-4e64-addd-82391a0b4342,Monitor,Accessories,4,293.8,1175.2,af7144c2-e6bd-4d45-a690-86137a453e42,31-01-2024,Houston,23
7e73830b-1b7d-402f-9fe2-69e3a2268326,Tablet,Accessories,5,388.49,1942.45,f4de9dce-423e-45a4-a1cc-6ac2d9d56937,25-10-2024,Los Angeles,30
5eb8fd5b-1285-413e-85e4-901673218f66,Headphones,Accessories,5,326.2,1631,7ff97b32-7af0-4e0a-a9ea-d70c6cdc1374,21-03-2024,Los Angeles,43
4763e985-7833-404e-a624-1a4be0d7e3d0,Keyboard,Accessories,3,159.74,479.22,e4b67e76-fe0a-452d-9b34-bd954fc06867,14-07-2024,Phoenix,52
bd8ebbe0-40ff-4e9f-8766-c5b7695da684,Monitor,Peripherals,3,77.48,232.44,0ff01411-9940-4e10-a1a7-1321e638929f,24-01-2024,Houston,61
ac2c846e-e103-4647-8b97-2655a68a865c,Tablet,Peripherals,4,232.13,928.52,92b421ec-2cdd-46cb-b395-0e26d3a88444,09-05-2024,Los Angeles,46
e08d943b-9865-44f5-bf63-4fbdab11e043,Tablet,Electronics,4,463.59,1854.36,6ef3e660-ac3e-4cad-b237-584f760dcea3,13-05-2024,Houston,34
65c288d1-7c41-4be1-a8b3-10989ffb878b,Laptop,Accessories,5,136.86,684.3,05f24c49-22f6-4fb3-9395-de275bb53c5e,16-11-2024,Phoenix,30
6e275767-0616-4def-8a10-7f3aaf83f51c,Mouse,Electronics,2,408.85,817.7,98aeedc8-460c-4857-a489-8419a2950a88,14-01-2024,Houston,41
1709d222-b731-4ace-a229-3e7a04782fd3,Keyboard,Peripherals,4,37.65,150.6,2e5d2296-b96c-4585-aaab-255b0a1c45e0,19-05-2024,Chicago,44
5f4b29fc-c10b-4264-8e57-10a98fc9983b,Monitor,Accessories,1,383.98,383.98,4f59b286-af3c-4f8f-84e0-815c838d5709,27-05-2024,Phoenix,54
ea9cf4c4-84d4-4fce-a713-65ffe6946d94,Monitor,Electronics,3,143.62,430.86,71081d2b-1388-4e1a-80b8-5a530af44665,02-09-2024,New York,21
baac6841-48b2-456d-8e5d-3798daade6fd,Mouse,Electronics,4,390.14,1560.56,523d768e-4df6-42df-a541-b8ecca93a9ec,26-08-2024,Houston,63
7b6444b7-4992-4925-8704-65523f3c58b7,Headphones,Accessories,3,84.52,253.56,7aea1d4c-6d9c-46a6-8a0d-025e9259201b,25-02-2024,Chicago,62
34f89ddb-ce45-4b23-adab-6cb612e0fd84,Laptop,Peripherals,3,462.53,1387.59,74d9d474-537e-471a-972f-4b29596da9a8,03-02-2024,Chicago,59
e3c019eb-9d64-4074-be87-c64ea7cbb4ce,Mouse,Accessories,3,59.19,177.57,139a6b9b-550f-4def-b357-064db54cfa60,04-08-2024,Houston,33
0f2e7b2d-0488-41c0-b5f8-42a63d3a2073,Mouse,Electronics,4,104.38,417.52,f8f57035-cbc8-4ad6-a3ec-1144a826cc03,05-08-2024,Houston,42
e990a11a-b9f9-46b8-9b4c-12a7af4dcf5c,Smartphone,Peripherals,4,232.63,930.52,53359e24-463d-4907-96c9-842a7a3cf2be,25-01-2024,Chicago,35
5391be86-f5e1-47d8-b6a7-0df145dbb0b3,Mouse,Accessories,3,224.57,673.71,113ed520-4bae-4b29-89cb-78713f6a9097,01-07-2024,Phoenix,50
89a7fb73-7eb1-49bf-b91d-dbd457ec1838,Mouse,Peripherals,3,352.77,1058.31,b89ec45f-3a1e-4005-97da-c9ae146118b3,20-09-2024,Los Angeles,49
a30eb0c2-4c00-41bb-b9eb-7e0fed67b803,Monitor,Electronics,2,286.44,572.88,04b70ab9-0e9b-4db7-9c0d-fb5516e0a465,03-05-2024,Houston,43
0b77a7ed-d3a8-4cad-9e23-f01169d79fc3,Headphones,Electronics,3,295.96,887.88,702bea52-52ed-4d51-a7be-80cf9d8614a0,11-06-2024,Houston,23
d91b1845-5c21-4072-8fb5-d3ab4f0f94ec,Smartphone,Accessories,1,50.83,50.83,af818c0a-a94a-497f-8349-5c02d2d1cf94,05-11-2024,New York,56
8588ec4a-990f-4a81-867d-19fb6ebf0ce1,Mouse,Accessories,2,267.67,535.34,273487cc-c829-4f81-b844-ec01e9d0eaba,13-05-2024,Los Angeles,33
873a64c0-707a-4fb5-8144-a587db3c65e4,Laptop,Peripherals,2,54.41,108.82,ce7b68e0-04c9-480c-99a0-7cb783a6a5e9,03-02-2024,Los Angeles,62
a39e0982-b7a5-469e-8b38-24841b6081a5,Keyboard,Accessories,3,197.25,591.75,4b4b2f13-f00c-4a32-8ea2-3b913078313d,15-06-2024,Chicago,52
beb37a4e-9edf-4a3d-b2e3-29e489f52e8b,Tablet,Accessories,3,353.49,1060.47,4e638e98-c65d-4286-9024-5bf06c3dbf1f,03-05-2024,Chicago,58
61538d0d-da1a-4b7e-b557-61fe497bc432,Keyboard,Accessories,1,471,471,4a0fa265-f3e3-4e2e-bfe6-6b25845fc848,28-01-2024,New York,34
a492d429-5a5c-4b55-86cd-41b5bd9d64c1,Headphones,Electronics,3,260.1,780.3,a50c4453-0ea7-4d7a-8ca5-e51a69ab8d47,15-03-2024,Houston,26
09cd1028-8e8a-4fb6-bd71-8c0b6460340d,Laptop,Accessories,2,460.54,921.08,6a7b0cdd-0dc5-4b91-9c30-010e4b5f0b17,10-04-2024,Houston,57
7344cd5b-ddef-4571-83d8-970be4a0f3de,Monitor,Accessories,4,355.95,1423.8,d3cbaff8-3251-4bbf-a333-b8dcc537500b,17-07-2024,Los Angeles,27
6ab88ae5-dd4c-459b-a274-18dcd796f9e7,Tablet,Electronics,5,395.94,1979.7,300f4007-d86d-4a19-acce-44b4acd18c7b,17-01-2024,Los Angeles,34
07637a47-f5fd-4286-af36-2eba75d3c676,Keyboard,Accessories,4,145.19,580.76,8e67ea61-492b-4018-84d0-8079174a0b1b,18-07-2024,New York,62
716ff12a-1e18-4e29-9829-24d5dce00db1,Mouse,Accessories,3,313.05,939.15,fe103a33-28bc-47c1-9a02-ea99b9d3f37f,29-02-2024,Chicago,44
98cdc980-058e-4e01-9511-f06688020124,Tablet,Electronics,4,431.13,1724.52,18284512-7ea1-4f6f-ba84-2b1ede6afab7,08-04-2024,Houston,59
4a4d2fd4-b745-4d7f-8914-756dd4a465f0,Headphones,Electronics,3,420.07,1260.21,c4a30908-ffa6-415f-bf73-95f5496078f6,18-04-2024,Houston,43
3e6d053a-21d8-4fa0-8c20-7eb2d7d9cb02,Laptop,Accessories,5,47.11,235.55,05f3f527-5871-4e9f-81ac-c8f6a54e79b7,26-08-2024,Chicago,44
6dfb20a6-4018-4172-8562-b0bd4bfc5bd5,Headphones,Electronics,5,290.41,1452.05,2320e828-e187-4e57-863b-65ac03d4cf96,29-10-2024,Houston,35
29c4e2d1-45d9-4783-a417-c94345d199ab,Tablet,Electronics,2,477.8,955.6,be90c9dd-410a-4ef8-ab0e-341ad850a823,22-07-2024,Houston,42
03bb05ea-615c-4d9b-b6a1-44037661f667,Mouse,Peripherals,2,462.08,924.16,77cf8eb4-07f2-4281-900e-940b76dde999,04-09-2024,New York,43
fee3c486-71d1-4f22-b346-289d0d3720f2,Tablet,Electronics,2,214.94,429.88,f3668952-f9d2-487c-a35a-191e7de4ac23,09-11-2024,Houston,45
3cd749fb-036e-446f-a36d-6e7085d40e5d,Keyboard,Accessories,3,407.7,1223.1,dc5a91c9-90b1-4db1-bfb5-56fe8b2be419,24-04-2024,Phoenix,61
f6aaeb7b-1e6a-4e40-a45f-f1b146e58f44,Headphones,Electronics,1,73.09,73.09,4a7a8268-ec1e-4b02-a507-ed93c669f324,18-03-2024,Houston,46
70255eba-53b9-4083-8380-3dad5004de23,Laptop,Accessories,5,264.63,1323.15,4ff8956c-1afd-41bc-bfa0-3264a2cdc713,21-10-2024,Los Angeles,45
6dec28e1-55f5-4353-a9c6-7a789e58abc1,Mouse,Accessories,1,420.51,420.51,a5376b81-cb5a-4f85-831d-ca196febc3ed,23-06-2024,New York,55
e3a7062e-cd17-4117-a4bf-357ca3bf7404,Headphones,Peripherals,3,390.42,1171.26,f4bda57b-1004-4562-881f-80e858ac3469,21-09-2024,New York,54
23d1a1c0-3798-4873-9f3a-514a49acaa24,Tablet,Electronics,5,416.94,2084.7,8741af06-2b78-4899-b27e-de1f8b0c7dad,19-03-2024,Phoenix,24
378e716d-5432-4383-b0d7-d51b25a5cf7d,Mouse,Accessories,4,408.52,1634.08,18ad45cf-55a6-4371-a153-582a61b245e6,13-05-2024,Phoenix,28
38f20cb2-0151-48a6-8b6c-8976cfbc30ea,Smartphone,Peripherals,5,463.35,2316.75,5c32e62c-08f4-4e54-a6d7-ff70445aeec4,13-01-2024,Chicago,47
39dbe997-72b2-41f5-a891-be4e497fe9db,Mouse,Electronics,4,405.12,1620.48,e8dcd6b0-3505-4607-902f-3aeec83d08bd,13-11-2024,Los Angeles,21
9c18c7e3-08b5-4d54-87d1-cb299e593195,Monitor,Peripherals,3,224.36,673.08,baf825fc-f371-4366-94aa-76b0b53b58fe,12-07-2024,New York,62
7b88154c-1469-4106-b733-51994c1a2b39,Headphones,Accessories,3,472.11,1416.33,3bf40a0c-58e1-45de-9d49-8b0d069e21fe,01-01-2024,New York,21
36fc36c3-5e5c-4a20-8cfe-ced4f4bf2898,Headphones,Accessories,4,491.5,1966,9809f84c-1b2a-4793-a447-c25948634b8b,10-04-2024,Houston,51
3284a8d1-e427-47fc-9000-ad6368703238,Keyboard,Peripherals,1,482.29,482.29,b610a577-0ad8-42c5-b307-de0d4032bf20,09-02-2024,Phoenix,36
fbeb9251-bc7c-43c3-a95c-dda1f96127ae,Laptop,Electronics,3,154.11,462.33,6c834698-0942-4db3-90dd-9e727c41b04c,11-02-2024,Chicago,19
e42d7f01-c44a-46cc-b047-bfda69361494,Laptop,Electronics,1,311.96,311.96,b615f553-383e-4205-a458-71aad7f24cea,08-01-2024,Chicago,49
1334329c-43bf-4c71-bcdb-edb51c0a086d,Smartphone,Accessories,5,408.02,2040.1,72c78f36-99a4-4060-86c4-0a116e4b5ac7,21-04-2024,Los Angeles,27
eff09264-e8de-4859-bfc2-371b1116e2a5,Tablet,Accessories,5,331.85,1659.25,b8f0af86-0491-4780-8e42-76c0193ba96a,13-03-2024,Houston,45
26cef30f-70f4-413b-9e11-e4127cc5ffae,Smartphone,Accessories,3,170.02,510.06,c660507a-f2dc-4df2-9be4-e4cff8eac7ef,18-08-2024,Phoenix,28
ef51c654-e93c-476f-b211-d3d5784622c3,Headphones,Accessories,2,244.37,488.74,8f461adc-7e7d-4e3d-b80d-f36c1e533e1f,30-10-2024,Phoenix,43
0b3108b7-de45-4636-8623-b28f06b3aaf4,Laptop,Peripherals,1,434.9,434.9,b5f97a0a-5760-403f-a6b8-58be8c608d3a,20-03-2024,New York,62
738ed440-2291-4e68-a33e-585fb3b1e3e5,Monitor,Electronics,1,328.06,328.06,ae7c1bb1-8f7d-4c54-924b-01ee21e0875a,15-03-2024,Phoenix,49
30db86e4-c0f8-4901-9ef0-a05b4dc589a7,Laptop,Electronics,1,337.82,337.82,3bf62b06-b498-4c11-a720-d9bc58b7c594,22-04-2024,Chicago,38
a4522ecb-3c29-4d2f-81c3-1b6e47655e3a,Keyboard,Accessories,3,300.9,902.7,23d8292c-a211-4d55-96da-c4034e39d7ae,03-11-2024,Chicago,64
5c438375-c54d-4bfe-88c8-a056a50d1773,Mouse,Electronics,4,442.27,1769.08,d364b450-2046-4eda-bebe-0c8a31795565,25-02-2024,New York,55
4a144ff5-4024-43f4-9702-9686ebb9dffc,Laptop,Accessories,5,28.21,141.05,301a3697-c981-48dc-b3ed-880e56b76bc9,28-04-2024,Houston,46
9fc7b02a-a6e5-4dd1-ba05-561727cad4a3,Tablet,Peripherals,3,58.89,176.67,ca7fbd0c-6732-4c4c-a6d1-938383259722,14-02-2024,Phoenix,48
52e7f1e6-795a-41cb-b3aa-93f02b85f114,Smartphone,Electronics,2,406.09,812.18,155164ac-5c39-4d8e-8408-24426d4888b2,01-08-2024,Los Angeles,43
ef211f58-8382-42fc-8bf1-5af270369416,Laptop,Electronics,2,417.33,834.66,d87bc1f8-4e6a-4d29-9050-7c883f2a90c0,15-08-2024,Phoenix,52
b55fe533-69aa-44a4-b54f-4c4b33ff6242,Laptop,Accessories,5,192.12,960.6,edea926d-302e-4a39-ab68-70aaf05025c0,22-08-2024,Los Angeles,50
63ce9322-8dbf-459d-84d7-d99c297f6d2a,Monitor,Electronics,3,204.5,613.5,481601f9-45ef-4889-a904-5ca633f53867,25-02-2024,Houston,51
5f0580c0-4882-4cf0-9e8b-9386dd9e6a00,Mouse,Accessories,2,332.1,664.2,19743bd1-5c7f-4489-87eb-9dc460064ae0,30-08-2024,Chicago,49
ca52d4dc-cc38-4991-acb3-f4ed0f0bdc77,Headphones,Peripherals,5,54.95,274.75,7701182b-5d5b-4815-b206-0c628a002dd3,29-06-2024,Phoenix,60
c5c0a990-029e-4f3f-8628-168b748b2258,Headphones,Peripherals,1,280.84,280.84,26bbd33d-531d-4301-87b5-5e7cf64cf7a3,30-07-2024,Chicago,50
8b04ac4c-365d-442e-8d3c-d0ba404884b6,Laptop,Peripherals,4,71.28,285.12,1d9243c2-b139-4f59-83e8-0e90f4e985d5,28-10-2024,New York,24
4ebe3967-df41-4756-9c23-12fa0f844a61,Mouse,Peripherals,4,452.25,1809,f6027c51-69d6-462e-8d88-af623624b067,04-07-2024,Houston,43
5c59466a-cd00-4bbd-8d40-5297104fe009,Smartphone,Electronics,1,371.89,371.89,ffbe5084-7a3f-4bdf-ae0e-51a5e5a376c2,10-04-2024,Los Angeles,28
59d93c2b-d184-43f8-86cb-fc3ecec7b28e,Tablet,Accessories,1,20.71,20.71,8aac202e-eeaa-461c-9d48-5f11bf97da0f,13-02-2024,Los Angeles,47
13a2b7d3-c030-4825-9bff-7ecc1d6df9f2,Mouse,Electronics,2,158.51,317.02,18cb8538-102e-4a64-8a10-47815a2fee31,07-11-2024,Phoenix,42
9a7be591-f828-42de-b4da-949965dbd4bf,Monitor,Peripherals,1,440.31,440.31,8847742b-1d39-4987-9b0c-27c152a54f18,25-03-2024,New York,29
f927a50c-ce5b-46a2-8704-211185aa0858,Mouse,Peripherals,5,481.22,2406.1,1f7c774a-b61e-40a4-8531-370c7db94bdc,02-08-2024,Chicago,38
7c89175e-ed75-4daf-9b93-9e0bc824e3c1,Laptop,Accessories,2,94.83,189.66,b1d0a7bc-0ac5-4f24-8e1f-33e0a489ca30,20-07-2024,Los Angeles,63
6ffedf89-f953-4f95-8a06-e80f509c46f1,Headphones,Accessories,1,453.76,453.76,270a9623-c7ef-483f-9e0f-6adefd45cb9f,08-07-2024,Chicago,54
c4a6e1dd-3288-465a-9034-6f344075138d,Keyboard,Peripherals,3,271.71,815.13,7320f8f1-7c66-477b-b7f1-4923270b2b23,01-07-2024,New York,23
e3410108-e8c2-49b8-9e03-e2b614dbf2e9,Smartphone,Electronics,2,232,464,9063cf4f-8528-4661-9de7-678a945c6fde,27-09-2024,New York,20
0b6038cd-9a73-4c17-8d7e-fea9a3a63363,Monitor,Electronics,1,214.3,214.3,9fd6468c-8420-41e4-9daa-60fdd30b85c5,25-10-2024,Phoenix,35
2d9cc7cc-82a9-4ae8-9aca-8013426dce24,Mouse,Electronics,1,187.46,187.46,6df520bf-6143-4a7b-9592-832c75c0a14b,17-03-2024,Los Angeles,19
9d36f799-4bb9-4f1e-ac66-750c93b2c3c7,Monitor,Peripherals,4,37.53,150.12,34e4ddef-66c0-4557-903f-fca036f05c3c,15-02-2024,Houston,20
d666ca3a-89c1-4985-b9ee-f3014d48f0f3,Headphones,Electronics,1,93.4,93.4,55237748-46d6-4185-b4fd-fc20c7eb1a21,23-08-2024,Chicago,28
94af33c4-5848-4d39-982c-d616260f5852,Headphones,Peripherals,4,120.13,480.52,d09aeb87-156c-4649-a754-6b48839bf5c4,31-03-2024,Chicago,57
10e1d1a5-bddf-48fc-ab14-2f7713414c27,Keyboard,Electronics,2,128.69,257.38,70f85747-73b9-4bb6-89cf-6efd67308bd2,18-08-2024,Phoenix,51
41a5e754-891d-4a81-8a8f-3dc68afd0b28,Mouse,Accessories,3,246.35,739.05,0481f148-de22-46aa-9a23-68892442cc40,01-05-2024,Phoenix,18
bd0f234a-1434-4604-b0db-624409208caa,Smartphone,Peripherals,1,287.02,287.02,34f90bd6-8906-4ef9-8ddf-49365ec27d85,06-01-2024,Phoenix,35
c676aa97-7d01-4e72-a1b9-40edff01c7a8,Laptop,Peripherals,3,329.25,987.75,88daa3da-2ba9-4f85-8516-b8393e839979,19-06-2024,Chicago,57
80a75715-fae6-4365-8157-a70df8579775,Monitor,Accessories,4,32.37,129.48,fbe7cb61-01a7-43d2-8fa0-acc71bc3b652,04-02-2024,Chicago,31
a6690cc9-7c15-49ea-a9e8-820e1d5f7d27,Mouse,Peripherals,4,218.23,872.92,f3ed9e4a-b1f2-4c6f-8ee0-3faaeb2001bf,27-04-2024,Chicago,33
92d49c4f-c8d3-4520-aa20-fa4c2ac567ed,Keyboard,Accessories,2,377.31,754.62,8467816c-2cac-4704-9530-3dda2209ed1d,21-10-2024,Chicago,20
86592ea7-a015-497b-bf59-f3508b46f305,Tablet,Accessories,1,395.01,395.01,c369f853-4b86-421b-8cd9-a7c9498d4ec9,09-10-2024,Phoenix,60
7b47159e-6728-4842-ad19-1580aabd6bac,Tablet,Electronics,1,32.61,32.61,e176b62f-7544-46f5-a691-53c459ad88ee,21-03-2024,Los Angeles,41
311f5b0e-81d6-4ab7-bc67-018b840bef8e,Headphones,Peripherals,1,293.99,293.99,282e6834-77e6-458d-a87a-71904c4d88e7,13-02-2024,Los Angeles,60
fab252e5-6ba0-4be0-b57b-31c83d5ae77e,Smartphone,Electronics,1,136.18,136.18,7e5c4a50-5a14-46bd-8280-dc3c84ef2892,20-03-2024,Chicago,60
286f1976-05a5-4e71-af1c-157feb382833,Keyboard,Electronics,4,383.96,1535.84,aabc02d9-6db8-496b-92d0-bd429321e951,18-01-2024,New York,32
a568c592-0057-4a85-9895-98311f0498b7,Tablet,Peripherals,2,282.37,564.74,f280ca06-6bf1-413f-a1a4-56122d8812f6,29-03-2024,Phoenix,54
14471857-31ac-4b54-be8a-b8f182b3095c,Keyboard,Peripherals,3,495.54,1486.62,30f84fa5-33f3-49ec-9178-5804bedca346,14-11-2024,Phoenix,48
5dbdd8ea-1e9d-4aaf-b194-fe84c3c5e576,Laptop,Accessories,1,376.49,376.49,418a8866-c624-4175-afbe-ae88e138dd37,12-07-2024,Chicago,19
31372b18-f00e-4883-b309-7413b7abd1e6,Smartphone,Electronics,1,97.29,97.29,cc8bb1ea-cffc-467a-abbb-47e790615585,22-10-2024,New York,26
d511a721-dd92-43aa-a1ca-dced5cceab41,Keyboard,Electronics,4,374.43,1497.72,c588210c-baca-45cb-9799-2f874e28c2cc,17-09-2024,New York,65
0ad1d2e7-3165-44cd-b611-a091f64d4dc3,Smartphone,Peripherals,2,359.81,719.62,a15d0a84-934b-4066-82e8-847625bfbfe0,16-09-2024,New York,35
ba0882c7-9f0a-452e-b70e-956b6e818d12,Mouse,Electronics,3,400.31,1200.93,3da2ba6d-6613-467d-a792-24ec0c0aa85c,15-11-2024,Houston,38
56c366d1-659c-41e0-92db-d27551a297d7,Laptop,Accessories,2,189.81,379.62,626315f7-0a34-425e-bea3-e992a9b888da,22-10-2024,Los Angeles,60
1ba70664-eade-492c-8842-6979c72e6e70,Mouse,Peripherals,3,54.64,163.92,159482a2-369c-424a-86a5-3490b75aa13a,06-01-2024,Houston,44
8714d096-c74a-4fd7-a1a5-fcc8082fc76b,Smartphone,Electronics,4,94.36,377.44,788eefdb-6151-49a4-8a2d-0646094560b9,03-03-2024,Houston,59
38035491-dcd8-4342-8d3d-0c67ec096cdd,Keyboard,Accessories,3,360.37,1081.11,9c7b3555-0c25-49ce-bdd4-b39510ff2718,21-08-2024,Chicago,25
b4edd5a6-8a4e-4e1f-a9df-0ed1800588b7,Laptop,Electronics,3,91.07,273.21,3df8ef61-af79-4026-9283-c89e02b2b19c,25-09-2024,New York,47
de6c84cb-5559-4d0e-ad74-f3c4629d1b8e,Monitor,Electronics,4,253.45,1013.8,ec3f5a0b-ed1a-4325-90b0-32453c403b05,08-10-2024,New York,54
82b8876c-787a-4da7-9bee-f037bb9a646c,Mouse,Electronics,5,79.65,398.25,41a57984-c1bf-4ef1-8a39-26f0d04b200a,09-08-2024,Los Angeles,28
9c306469-4341-4f7c-b0b0-d8a9f7d064d0,Smartphone,Electronics,1,274.48,274.48,c7d32875-c6ab-47b9-b95c-5e6cd51615b7,02-04-2024,Chicago,22
73da1930-2fb1-4fb1-ade2-f237578f4712,Tablet,Peripherals,4,111.98,447.92,0a3ab049-7e93-4b59-a578-2da8783508d8,22-05-2024,Los Angeles,32
b65c7759-4e53-43a9-bddf-f0fa3b3f0baf,Headphones,Peripherals,5,469.87,2349.35,270cb03b-914f-49d1-a188-a8fec2a3f7a2,08-11-2024,Phoenix,63
87a70e49-93a2-4020-958d-a3b5b8b14194,Monitor,Electronics,2,465.63,931.26,3508a856-dd31-4fd9-9ec4-fdf4d346b942,01-03-2024,Los Angeles,42
9fdb589e-248a-445b-9796-c6b8e974a7bf,Laptop,Accessories,5,471.77,2358.85,56bc0bcf-7ece-424c-abfc-b0d1c7deb6f6,08-07-2024,Chicago,30
ad82e0b4-7215-4db7-a867-120c1aabe2f6,Monitor,Peripherals,5,209.95,1049.75,f3e2bcd0-c2ab-49b7-90fd-ee7345e99d74,18-07-2024,New York,51
9e6881f3-cdee-4144-9462-a48de3aa0aa7,Laptop,Electronics,1,163.29,163.29,a6b45d1c-bf32-4108-a698-95a1c955d59e,11-08-2024,Los Angeles,46
4d95542f-c7c3-4a65-9415-91e55b064639,Mouse,Electronics,2,347.12,694.24,482c8236-af9c-466b-9a17-37a7997f6d1a,08-04-2024,Los Angeles,61
0685e4c4-ddf4-494c-a688-50ba0c65df5d,Keyboard,Electronics,5,456.29,2281.45,1ae788b1-3aea-40d8-b85d-7acba7e46300,01-05-2024,New York,25
cee2ac9c-ff86-4a1e-bed5-0203fc6915cf,Tablet,Accessories,1,424.98,424.98,30232573-77a3-4a91-bf7e-b81b5e99ab3a,05-07-2024,Los Angeles,23
666b9aa8-964a-4ece-900f-9d2e013a14f4,Keyboard,Accessories,3,128.33,384.99,87eeec68-0edb-4dbc-9da6-3d5a5b9bffc2,08-07-2024,Phoenix,50
1fb5b6bb-ecaa-4a51-800b-943d40d1f6af,Smartphone,Electronics,1,298.03,298.03,4c8a97dc-14c2-417e-a765-6d16bb617ac2,25-05-2024,Houston,42
8886b13a-b0b2-4613-b2c7-6fcc7bd2d405,Mouse,Electronics,3,391.07,1173.21,709c3c8d-5d6e-4bd8-b410-baf9723f4f86,17-08-2024,Los Angeles,56
7ff62648-64f8-4632-b398-824efbe540d6,Mouse,Peripherals,1,118.09,118.09,158a97eb-0ec8-498b-a37b-834efa41d82f,16-06-2024,Los Angeles,44
3e9c1ef8-e87a-490b-a1e1-2ee6da12652c,Laptop,Peripherals,1,65.47,65.47,6e8a0126-4364-4d15-90e7-21a94cffc46c,28-07-2024,New York,24
e3e73854-a022-4d74-840d-028f41271bf6,Mouse,Peripherals,2,105.21,210.42,c287d380-9ba5-4384-8d8b-53ccb797fb3e,22-10-2024,Los Angeles,43
615befcc-7e50-40b4-b57a-c041143ea9aa,Keyboard,Peripherals,5,196.93,984.65,60db5bca-f3b6-40bb-b992-f67046388b52,07-09-2024,Los Angeles,52
55a476dd-deca-41f5-b8b0-939e778f39bf,Monitor,Accessories,5,204.97,1024.85,938e94c0-c06c-4657-90c5-ef5c631e929a,28-06-2024,Chicago,24
2796e02f-f084-431e-ad10-901af7fb6e1c,Mouse,Electronics,3,431.64,1294.92,3bb86a32-9a92-4f92-b439-9d1ab6d22394,22-05-2024,Phoenix,57
201faf18-e233-492d-9fc1-bfba7848dc8c,Laptop,Accessories,2,490.88,981.76,8dd6dc8c-f920-4481-83c6-8d102d44f531,18-10-2024,New York,65
72a6fed7-ff41-4fc2-ac46-7eadfed8a9aa,Monitor,Accessories,4,495.4,1981.6,56bc3189-8801-4321-88eb-ef377bcb039b,11-09-2024,Chicago,40
14d9ad33-cef5-4b64-b607-f7d4a1618cc1,Headphones,Accessories,3,269.95,809.85,5145293b-3212-485a-939c-2804b035c1f7,08-04-2024,Los Angeles,53
db87fdba-ce37-46af-b77e-ab72b64d44b9,Keyboard,Electronics,4,454.49,1817.96,8fb1ddcb-fe03-4933-8f25-ac8e2c5c1f9f,06-01-2024,Houston,45
adc5d8ec-5848-4eef-9886-a12f9c5111df,Headphones,Peripherals,2,398.75,797.5,af0d4d39-f84a-4e9e-8dab-104d1e58fb84,15-06-2024,Chicago,59
88c43cc9-27d3-4304-bd10-2c89233a627d,Smartphone,Peripherals,3,200.82,602.46,b728156e-6387-4aea-b63d-07f27a285c39,27-01-2024,Chicago,47
bf30be72-878d-4409-bb52-1824ab40e9e2,Tablet,Electronics,2,318.23,636.46,15231ede-6886-4aff-bea8-caf66864ed6c,05-04-2024,Phoenix,51
531aba51-dd71-4e6d-baa3-f4330baf4006,Headphones,Peripherals,2,373.39,746.78,cb52dbf5-461a-449e-b667-caf4a0fa18cf,28-08-2024,Los Angeles,27
44930a69-ebe5-4d78-be57-2f97c365bf0f,Headphones,Peripherals,1,233.01,233.01,ed4746b2-a51e-495f-b58e-d861d3339bfa,07-01-2024,Houston,21
f8b6b2ad-88f7-4125-b5d0-4fdd8d61180b,Tablet,Accessories,2,432.13,864.26,f9f86244-485e-4326-81cd-1fe321de045d,30-06-2024,Chicago,28
7ab98129-dcfe-4dd2-875a-d826ede2be41,Keyboard,Electronics,3,187.08,561.24,67f8dcfd-aabf-4786-aaa6-c7635659132b,02-02-2024,Los Angeles,46
c6c29121-68ce-42cb-b5ca-b68e2346bee0,Laptop,Electronics,5,324.05,1620.25,31d1eea5-d760-49af-b379-3fd0675b60cf,18-09-2024,Los Angeles,50
3609366a-5184-4b7a-95ad-7e4626a7d881,Monitor,Accessories,5,312.71,1563.55,ab2fcb39-1a44-45e5-9b19-e8cc65b8be38,12-10-2024,Los Angeles,57
5b2ab52e-feac-49d2-881b-f3d1d2a44c09,Monitor,Accessories,1,318.75,318.75,1e204811-f1e8-4121-8249-3e94f5739a3d,28-08-2024,Los Angeles,62
fd1cc999-e80b-4ce0-af7c-efcabfa128ad,Headphones,Electronics,3,442.23,1326.69,df999126-4332-48b2-9a9b-7824b6bc3c2a,19-02-2024,Los Angeles,46
3be89b64-f1ad-4fd3-855b-cb47e82fecc0,Tablet,Electronics,2,408.43,816.86,271375c4-4896-4f16-8dd9-507b734f10ae,06-08-2024,Los Angeles,23
f57f69f5-c5d6-425a-8f94-cba7d6742b0a,Smartphone,Peripherals,3,482,1446,23289d21-51b0-49c1-98a0-82ab2745e2b0,12-06-2024,Phoenix,34
08227947-12f3-4bd6-b866-9f640ae71e2d,Laptop,Electronics,2,180.49,360.98,481bdab8-71e5-4ae4-92a8-23df1a381e3e,18-02-2024,Phoenix,31
426bfe3c-707f-4f81-a250-72bd56d12806,Laptop,Accessories,2,223.57,447.14,be726a74-9733-4505-b191-ba368c49c862,26-08-2024,Houston,18
0f4186e6-25f7-4b64-991d-d8aee6582cae,Monitor,Electronics,3,176.32,528.96,d688dc2d-ea71-4efe-ab92-dad807bd2cce,15-02-2024,Houston,39
d931ff69-5c8d-45ac-8b2d-511ae700e78a,Mouse,Peripherals,5,40.74,203.7,0c94c931-436a-451d-8b1d-c4af375d215c,16-01-2024,Houston,58
291d2b31-0c30-483b-bffa-45dc7be2bd4d,Laptop,Accessories,4,217.55,870.2,065ff71f-d1c1-4440-be67-2851b4eaa9e6,01-11-2024,Houston,56
1d6660ba-c44c-46d1-b132-423c0adbe8a4,Headphones,Accessories,3,268.2,804.6,418a3c53-7820-42ba-b574-127933cd083e,23-01-2024,Los Angeles,31
57f43e39-febb-41b0-ac92-3b33f39f0b28,Tablet,Peripherals,2,489.81,979.62,73177d5a-0669-4a8a-9cbd-b8f14ddaa1bb,12-03-2024,New York,40
7453fe4d-fce9-4fd5-873b-e9b6e0602224,Mouse,Peripherals,1,181.53,181.53,60f6a504-0080-44a2-b8a8-8437198f9cfd,03-07-2024,Los Angeles,30
a257d76d-5b40-4117-a1de-bd5189572bf8,Keyboard,Peripherals,2,70.75,141.5,69225baf-60be-4c4b-b441-0420f6be5118,22-06-2024,Houston,32
5de7dabf-6b98-4b91-adef-68b05f7c8e2f,Mouse,Electronics,2,429.01,858.02,185fd61a-9b5f-497a-87c2-e7bb8d141f83,10-11-2024,Houston,42
81867169-36c8-4da2-ae1d-37714831dbaf,Keyboard,Accessories,2,139.56,279.12,010b9dd4-35ea-4115-86bc-1a3265d703d4,05-03-2024,Phoenix,49
af0b89ec-f9ef-49c7-9929-49f52a2c6e4e,Keyboard,Electronics,4,453.78,1815.12,c073eb8c-dc61-49e5-b1ff-50487a11c104,06-05-2024,Houston,62
2a9e9a33-3221-432c-8933-99243b7ed895,Monitor,Electronics,5,492.29,2461.45,0eda27d2-bf4f-4578-946a-40445cd201a5,12-01-2024,Houston,47
f244328a-2513-43b8-b2ca-455fc0b1dab5,Smartphone,Peripherals,4,228,912,7489a9aa-2a09-4e0e-ad45-d18e51f62f84,08-02-2024,New York,27
5df79bd7-23a5-4d1f-9be0-ceec7fe2c0ec,Tablet,Peripherals,4,397.4,1589.6,a804b081-4b74-4e53-96aa-b759946d6f5a,19-01-2024,Chicago,21
7a04264a-328b-43de-a7f2-e9dacb05c375,Keyboard,Accessories,3,478.71,1436.13,fc311509-fa9f-44dd-a16e-8eca9afe03f8,02-06-2024,Los Angeles,40
cf831383-68b5-45c2-bf3c-cf6318da6150,Monitor,Electronics,2,109.6,219.2,206d7d73-740f-48f2-b06a-95bbdd989e75,02-05-2024,Chicago,52
e74aa0fa-48e2-4c1e-9f83-3e74cdcb2ad3,Laptop,Accessories,1,123.59,123.59,8a4a109b-4ffb-4dce-ba56-17bbc6ff2071,17-02-2024,Chicago,39
45df91c0-da0f-4a65-8195-f979e0300f0d,Monitor,Peripherals,3,232.47,697.41,c38203ac-68ee-4e05-93f0-2aefd1fe77b0,26-06-2024,Chicago,39
0b9832b2-54d0-4229-b3ea-f674817388bb,Smartphone,Electronics,1,228.95,228.95,d8a851b7-d37d-4f25-8836-ef3830327e60,05-07-2024,Phoenix,29
80b05fc6-07cc-43c2-8ec1-15b18ba37281,Mouse,Peripherals,1,21.36,21.36,b22e5621-fccd-41da-a348-335e36a068c9,04-07-2024,Chicago,49
e97c3c45-f808-4811-a659-969012841257,Monitor,Peripherals,4,33.69,134.76,e5acc411-8fdc-420b-bcaf-957c7524c1be,19-02-2024,Houston,30
7aab4deb-67e7-44c7-a2e4-ecfdb035616e,Mouse,Electronics,3,38.42,115.26,6cf11a23-c6db-474f-af96-2379f8c07a4e,09-08-2024,Chicago,60
8e790c42-bdee-48f1-87e0-1b45060d7007,Laptop,Peripherals,2,391,782,45ac4c1f-5662-4015-8ca2-116b44dbeb86,03-03-2024,Phoenix,38
7c422da9-d692-4644-a4ce-e06689fd21d3,Mouse,Accessories,2,441.22,882.44,7ab5d00c-01ec-45a5-8bda-792b1622e92f,06-09-2024,Los Angeles,30
e74aa290-d95b-42ef-961d-9d1d35134195,Smartphone,Peripherals,3,368.77,1106.31,c1bb09f0-7d15-4e09-984d-92d062165b72,08-07-2024,Phoenix,31
f83cd665-cedd-4fa2-ab59-fcd95accff05,Laptop,Peripherals,3,474.87,1424.61,62f4a691-29e5-446d-a1bf-d1a45ee08ad5,22-09-2024,Los Angeles,37
3a47ca75-d609-4836-95bb-69b0a75f3570,Tablet,Peripherals,4,389.85,1559.4,3d044684-b51c-4eb6-95f3-80f461110c02,28-02-2024,Houston,59
b8e8cc80-7dd9-4b3b-b499-1aef33e2af73,Smartphone,Electronics,4,184.5,738,ba1dc766-87ce-41f1-9fb7-637ee82fc6cf,07-06-2024,Phoenix,50
4a7356fb-084c-4bcd-b069-4250ca545028,Keyboard,Electronics,3,71.1,213.3,e1ab52fe-dae0-4610-a77f-2dacf59a49e6,22-05-2024,New York,35
54a126ed-83cc-48ef-bdbc-899caeb634fc,Headphones,Electronics,3,57.91,173.73,c6cc8cb1-a0b8-4fd5-abb9-b05fc8cd0b02,07-06-2024,Los Angeles,37
fa7c1457-2b7e-4701-97e1-1c58fb5e316f,Headphones,Electronics,3,46.46,139.38,d6921621-8faf-4ac2-a9e7-809854f03861,04-08-2024,New York,42
cc6a5f68-b35f-4247-8951-5007f6a3cd5d,Monitor,Peripherals,4,213.65,854.6,c5bd4bcf-5c8d-441c-b5e0-b7d6a8c46c6e,12-10-2024,Houston,32
04f227e8-9634-4b7b-80ef-ac473c02e016,Tablet,Electronics,5,495.44,2477.2,e9033ddc-9979-4d15-b311-097e364899ee,03-02-2024,New York,42
dfbcd78f-b414-4cf5-b060-2fd80fe656a6,Monitor,Accessories,2,36.16,72.32,6fe66ecd-4885-4dad-ac90-4a48984e598b,09-06-2024,New York,33
983c80b1-382f-42f8-88e4-c0488dc3258e,Smartphone,Peripherals,4,193.03,772.12,7690dc5b-5e81-4f6f-ad00-f00d5e7b7c0d,02-07-2024,Houston,30
746cacba-1ca1-4f8a-b9fa-90be6ed48a0b,Mouse,Electronics,5,355.96,1779.8,82ace17b-42ad-4e3f-b3dc-7c33d4d25c7c,09-06-2024,Chicago,62
190f7a8d-81d5-485e-bda0-c016820b6132,Headphones,Peripherals,4,367.31,1469.24,92177447-afbe-4708-9cb3-dc0de63593d5,06-08-2024,Chicago,20
959d4aa9-e79c-414a-8058-a4292c401cb3,Laptop,Peripherals,1,189.96,189.96,b29eeb19-aa86-4f0e-b74d-8a3cbdea9b08,12-06-2024,Phoenix,33
7c34caa0-0c7c-40ff-ab5f-b43f9d8acfa8,Tablet,Accessories,3,116.21,348.63,644af600-6af4-4f38-b59e-ee8a27ad91e2,08-07-2024,Chicago,58
7a7ce496-bf03-45cf-849a-9eec73b7d6fa,Smartphone,Electronics,1,488.81,488.81,eedcece6-8ec3-42a4-985a-d85e1e902602,30-08-2024,Los Angeles,30
4dc66647-1c7a-49c5-a750-1c7c9ae99ffd,Laptop,Accessories,5,130.28,651.4,35fd5717-3bbb-47f1-a51f-f6fdd72e6257,10-02-2024,Los Angeles,18
b922ef5d-e4ae-4837-928b-1f08fdfd0489,Smartphone,Electronics,1,361.82,361.82,27dc3ba1-e1be-4f30-9671-629fab22f84e,05-11-2024,Los Angeles,21
e22fd25f-b8db-46ef-9888-30e674cb82c3,Laptop,Accessories,1,441.39,441.39,aa590ee0-49af-442f-8467-3b54038ac7a1,28-03-2024,New York,35
deda0291-7843-4d92-b04a-c58d0d3b5a2f,Mouse,Peripherals,4,332.17,1328.68,f76988c0-c6e9-480c-b5a4-23a81bb6752e,26-02-2024,Los Angeles,19
433d01c3-0a46-4e8e-bbe9-b350ce497e83,Tablet,Electronics,1,212.9,212.9,1c153caf-a257-43d7-b97f-70935da9e55e,09-06-2024,Houston,60
8b48d8e7-4ef1-4d2a-88e1-7af6672137a2,Mouse,Electronics,2,39.43,78.86,370977aa-f8c3-405d-b9b7-42b8d578f3a2,01-08-2024,Chicago,29
aba9039e-6a74-4993-8123-0f467f70a2a1,Tablet,Accessories,4,209.22,836.88,d9b685d9-ecfa-45d6-a624-27d0f9849eca,08-10-2024,New York,38
addb73d9-5819-4006-b3f1-8ca3203c1049,Keyboard,Accessories,1,79.88,79.88,0ac80f39-0de2-4bb4-91ca-eb4abd471abc,24-01-2024,Houston,58
484ffacd-2111-4f2e-a5b8-7fdfe951e214,Tablet,Peripherals,4,71.85,287.4,5613b047-f31e-4c9e-8983-8e69ff0bc0e5,28-04-2024,Chicago,31
26a95991-1276-4280-b11f-592098f128c7,Smartphone,Peripherals,4,319.33,1277.32,31683b06-1198-46c7-b14a-619822198c0c,09-09-2024,New York,48
98f7429e-94ee-4a6d-9b1e-9cb8ee5a0d7d,Keyboard,Accessories,3,99.69,299.07,cec44ac7-6e31-44e6-b71f-c6bc3c9264dc,03-08-2024,New York,28
30073d2a-2f89-40cd-bad5-6c1e7d1068ff,Headphones,Peripherals,1,116.65,116.65,cd1325fc-3d86-4e03-b993-ee2d297ceb3e,09-06-2024,Chicago,34
e4d595b1-89c0-4f6d-a94b-8ec7773b06ac,Mouse,Peripherals,2,401.71,803.42,3e1a1d92-3015-441f-a586-b550046a7467,12-11-2024,Houston,28
c2fdd7ab-7709-422e-854f-2c4d5c8b0b19,Tablet,Electronics,4,203,812,8a03dfd8-79a7-4d88-b453-bb7e6bb5f46b,19-10-2024,Phoenix,57
5dc6cefd-3657-445c-9e03-be7fa545402a,Keyboard,Peripherals,2,374.23,748.46,b68a2eca-895a-4527-9e8f-02e3299d5fcc,11-11-2024,Phoenix,18
a5dc28f1-9f06-43d5-8ab7-5299bc31e97b,Keyboard,Electronics,2,419.01,838.02,6e15c8ea-89c8-4c77-913e-d04789391b69,16-01-2024,Houston,63
7b810760-5044-4166-94c8-4d2b9314a9c9,Keyboard,Peripherals,1,354.43,354.43,804649cf-34ca-487c-b6ed-c7df3f3d3595,16-03-2024,New York,48
33fadfa3-b354-4ce6-95c1-f0c90fb36fbe,Smartphone,Accessories,4,479.09,1916.36,859b754c-aa9d-4d93-b678-fa66bd5b882f,13-07-2024,Los Angeles,35
05d6a148-eb0f-4c70-a62f-9dfdd16186dd,Keyboard,Electronics,4,187.26,749.04,a8fdd35e-c5c5-4115-8113-2fea1f0e03e8,06-02-2024,Chicago,61
8e7e1e13-2f20-48cc-aa8d-63e3d30f6bda,Monitor,Accessories,4,450.59,1802.36,af43e4d7-6ca9-4c74-a727-5203feda6947,11-07-2024,Chicago,24
1073cec8-4a6c-4668-9829-a8c320f956a9,Headphones,Accessories,5,68.77,343.85,7c27326e-7f73-4509-b90f-a968e74d95fa,15-01-2024,Los Angeles,26
71d5d41a-2d19-49b2-885d-92d6c0e83748,Monitor,Electronics,4,257.53,1030.12,6c1175cc-d0da-4076-b277-f1cd876c872d,18-09-2024,Los Angeles,50
3f004119-e1c9-483f-84a8-24ede6b4ba52,Mouse,Electronics,5,454.2,2271,80d5e53a-75b0-447c-9c27-644859d036dd,20-02-2024,New York,63
a4a5a740-fd9d-45c3-9a0d-8a36d84c8361,Laptop,Electronics,4,225.76,903.04,152466ef-ec80-45ea-a9f6-8885d9e0c0ed,25-05-2024,Phoenix,44
4f5ea785-25dd-4f57-a18e-788b0d725f7b,Keyboard,Peripherals,2,322.09,644.18,43d389ae-9ec2-4289-8442-4271967e3e58,15-05-2024,Phoenix,22
55f123ee-76c3-44d6-9d34-722cb649b123,Keyboard,Accessories,1,180.88,180.88,12f3f40d-5fdf-4c8e-81c9-87cd6c6f806a,10-05-2024,Houston,62
0a332018-82d5-42db-826a-2d917c3bf3f7,Keyboard,Electronics,4,200.72,802.88,bc74e589-b593-449f-9ec6-1d7601dbe338,25-09-2024,Houston,26
36de6df4-1d9b-463a-8452-a2bed9f3dcb8,Smartphone,Peripherals,1,385.8,385.8,dd85528b-9756-4b08-aa25-62981faeee47,22-02-2024,Houston,63
866504a1-cf15-44a0-a83e-6115c25babdd,Mouse,Peripherals,5,308.02,1540.1,242cb1c7-37e6-45dc-9580-1f959a0641ac,17-06-2024,New York,33
b6a0874f-effc-4f80-80ce-fdb2e3afc8cd,Laptop,Peripherals,1,411.38,411.38,8cd95887-b170-4bdd-9bb7-35e8b1c5cb3c,01-01-2024,Phoenix,30
30e89d43-1261-4f5d-a5b7-b615564c13c3,Monitor,Accessories,2,464.98,929.96,df16c8ce-d780-439c-a242-c15e98a6ce7a,23-07-2024,Los Angeles,56
1e9adade-a93f-4185-b0cf-674142594537,Laptop,Peripherals,2,207.64,415.28,f6183836-22cd-40c5-8074-49fe83fe5a69,12-06-2024,Chicago,41
7ef9c8e5-9d97-4a34-9883-17287b98ef8f,Headphones,Accessories,3,262,786,97798add-d1f0-4516-abdc-a09f60c090a9,10-01-2024,Chicago,56
34346d7f-be2b-470a-b746-1947c072ed9c,Laptop,Electronics,4,82.87,331.48,284578ee-2e63-4826-a775-72dd67ad2276,05-08-2024,Houston,50
5df6c849-f3f2-42c2-bfe0-487680793a10,Monitor,Electronics,1,468.7,468.7,1e64069c-1a94-4f66-b914-d630aae2ef34,06-10-2024,Chicago,19
6bbf5cf2-119e-425e-9a14-5c5ed6beadc8,Laptop,Peripherals,1,216.52,216.52,8bb02e95-9c48-4aba-a885-33f3a4dde4b3,28-04-2024,New York,20
30b9798a-51d5-4aa6-a905-83bc71528cdc,Monitor,Accessories,4,149.56,598.24,c91b2b06-183a-4064-988d-8fe0363b38c3,27-01-2024,Houston,37
13dd0d54-c762-448d-8008-4e8dc1d28bc8,Mouse,Electronics,2,82.16,164.32,168966ab-d313-4724-9792-3d1a07119c26,19-08-2024,Phoenix,22
b8417c50-4e4e-45b6-8a36-b6700a9efdd3,Mouse,Peripherals,2,480.77,961.54,14e030dd-7d44-4ae6-9179-8d031cefacee,05-07-2024,Houston,53
5a6bb869-f7df-42dc-a3e6-bb04aba6b43e,Keyboard,Accessories,3,30.45,91.35,13b6bf76-cfb9-41ef-94e1-ce1d33e1ef61,21-07-2024,Los Angeles,51
e0b783e8-3a2e-4915-986c-327729bf99b5,Mouse,Accessories,4,299.15,1196.6,46c7829b-2cc2-4593-9f7e-515a98a39c5d,17-03-2024,Chicago,25
52b34bbe-7ff0-44aa-b171-7cb187bbf4e4,Tablet,Electronics,5,448.03,2240.15,2b1ba37a-80a9-4df8-b2f9-bb0535db173e,20-04-2024,Los Angeles,24
b4d3bcc3-12e8-4c97-a7fe-7680fdfff467,Monitor,Electronics,3,182.56,547.68,653e5e99-9a9c-4a5f-9bd4-9a8c2179a994,01-11-2024,Phoenix,28
c76f5ffd-6c67-431f-a726-76aed992939b,Mouse,Peripherals,1,432.12,432.12,861f684a-d710-4442-8ac1-7f107f6b2972,01-05-2024,Chicago,34
97e88ee5-b63c-4342-9e2f-cc3fdf0c00f4,Keyboard,Accessories,5,67.13,335.65,dd798839-7078-4552-a4a3-eaa061f60854,16-11-2024,Los Angeles,25
a9b0d0f5-88e6-4cac-a4da-4d015aa93427,Smartphone,Accessories,5,67.26,336.3,cbe882fb-f33b-44a3-a91b-1a4573ffe362,21-09-2024,Houston,61
b8715ac2-c7e0-420e-9c86-c6418ca0dc07,Monitor,Peripherals,2,269.46,538.92,01e41800-5ce7-412e-9671-d6d6bfabcfbd,11-10-2024,Chicago,32
908ab992-9575-4230-baa7-72b34e15ad3e,Keyboard,Accessories,1,236.86,236.86,d72f1f9e-03db-4651-82e4-578c8477e20c,08-03-2024,Phoenix,45
88632f91-2a5a-4be7-a49c-2a320dbe870e,Smartphone,Peripherals,5,458.99,2294.95,2c4138f8-ead2-4ce8-a903-bd409bc0ea55,20-06-2024,Chicago,19
03489b91-29f9-4776-bc85-393f33953ec0,Smartphone,Peripherals,4,182.1,728.4,751e2a1f-471c-4e73-b620-7f169e785900,08-11-2024,Chicago,22
69e8f05d-2635-41ce-b8c6-8d393643f953,Smartphone,Accessories,2,334.69,669.38,5d60bde6-acd1-43eb-b2ae-74949dcb56c0,08-09-2024,Houston,54
526f798d-4fd5-425a-85f0-7535f1edec37,Monitor,Accessories,4,28.89,115.56,23efc3a2-c091-40db-80c1-f9ae3b1b40c4,01-07-2024,Chicago,19
96dcddbc-e0da-4b20-b440-65ae73560212,Tablet,Peripherals,2,418.26,836.52,94c8c3e5-77ec-4ef2-9bd8-3822e2d4a136,20-06-2024,Chicago,55
4559d7fe-daf5-40b4-8565-f73e05c15d1e,Smartphone,Peripherals,5,244.27,1221.35,3be85969-3afa-42c9-ab7e-c194b92087e7,26-06-2024,Phoenix,61
064896a9-35f5-4124-ab51-0f9a058c4bae,Headphones,Electronics,3,107.83,323.49,3bd45bef-e1ee-4ff1-bb6f-c3652fd62b5a,26-01-2024,Houston,58
6292e3ce-6529-4aa3-80f9-775392e409e8,Tablet,Accessories,3,445.5,1336.5,dc5dc99d-f70e-49a5-afd9-342fc36cb31f,01-06-2024,Los Angeles,24
106831ed-6ead-4ca7-a7c7-d7e72dabd568,Keyboard,Accessories,2,409.69,819.38,d61792c8-8720-4f6f-96e1-42922de939c5,07-11-2024,Los Angeles,64
73c4863f-f308-4f6a-a031-6070afc87cbf,Mouse,Electronics,5,256.14,1280.7,b9ed9c86-f082-4884-8984-5e63aeb4f240,20-06-2024,Los Angeles,32
82b65cf2-9e42-40ec-98f5-ed96bb586446,Smartphone,Peripherals,5,83.91,419.55,fbd34eb8-6bb9-40e9-ab93-8972664f6c19,24-09-2024,Phoenix,28
f51579ce-d28c-4bc3-8ab8-11b4750e97ac,Mouse,Accessories,2,397.89,795.78,f812cb12-b9df-477b-9ca2-76bb97802666,20-04-2024,Los Angeles,49
92c87cab-1477-4eab-8024-feb42232d399,Laptop,Electronics,4,79.02,316.08,9be3cf87-00c7-412f-9359-6cd4e8121633,07-09-2024,Chicago,56
e7a7d1c5-39da-4e54-b475-348f1a160dcc,Mouse,Accessories,3,347.09,1041.27,e5d69a3a-7440-4d03-9a49-0c4b45b20fd9,06-06-2024,Los Angeles,26
ed67fa30-15d0-41ec-a247-7eafa6b327e2,Mouse,Electronics,4,272.44,1089.76,5e517bab-8344-432f-9bbf-61b867f6fc26,12-05-2024,Los Angeles,65
08850e59-4272-4f8c-a89c-11adccf66ab1,Headphones,Accessories,1,251.94,251.94,6856583d-a576-4483-95c4-f78589634f4f,06-11-2024,Houston,55
b22b33b8-8375-4884-9b6a-161f5349afd1,Mouse,Electronics,5,136.63,683.15,5af88053-a346-49a8-8390-9d236f6a28d0,06-07-2024,Phoenix,53
e81edc04-726e-4768-8b23-c9a3f9424fa2,Monitor,Peripherals,3,266.82,800.46,7371c26e-5d8d-453a-ab8c-8f9b0617be71,07-03-2024,Los Angeles,65
8676693c-9649-4a8a-9e42-da9b1439a249,Tablet,Peripherals,2,108.54,217.08,01bdb022-a6f7-4ea5-8a72-ebfc5da0780f,23-09-2024,Phoenix,23
c4e16ccc-6ea5-4cc1-8815-f69ea4ccfa7c,Smartphone,Accessories,4,277.42,1109.68,66e6d01f-153d-4472-aba9-7db77fa60aa8,19-10-2024,Chicago,57
0db25ab7-319e-4eef-b689-9184b4f01af6,Tablet,Peripherals,1,407.93,407.93,1f074b9f-8a59-4003-97fe-2256bccc01be,25-08-2024,Phoenix,59
1e2e62d1-f8f3-4783-9e7f-242c54ec3b68,Keyboard,Electronics,3,410.53,1231.59,e1a30c69-d39f-4744-b341-d07f45502815,13-01-2024,Houston,57
7ece4458-4ff1-4801-830b-cb2db978b08a,Smartphone,Accessories,4,81.92,327.68,f5e8bdb7-615e-45ef-bab7-42167236e981,18-04-2024,Los Angeles,28
a125e221-87f1-4f12-9edc-43417016d9ae,Laptop,Electronics,1,364.61,364.61,b967be6d-bc75-42fe-a672-a818bd5381d9,28-05-2024,Phoenix,36
